citing_paper,cited_paper
https://openalex.org/W4389144784,https://openalex.org/W4398306523
https://openalex.org/W7131290400,https://openalex.org/W4252540778
https://openalex.org/W7131290400,https://openalex.org/W4308917882
https://openalex.org/W4415164607,https://openalex.org/W4385858218
https://openalex.org/W4415164607,https://openalex.org/W4401756028
https://openalex.org/W4414192981,https://openalex.org/W4310794463
https://openalex.org/W3155276450,https://openalex.org/W3153769838
https://openalex.org/W3155276450,https://openalex.org/W3174741611
https://openalex.org/W3155276450,https://openalex.org/W4285732530
https://openalex.org/W4404282171,https://openalex.org/W3184330986
https://openalex.org/W7196960591,https://openalex.org/W4213197402
https://openalex.org/W3182953752,https://openalex.org/W3179180384
https://openalex.org/W4407743603,https://openalex.org/W3170991167
https://openalex.org/W4407743603,https://openalex.org/W4392130241
https://openalex.org/W4402200686,https://openalex.org/W3119509009
https://openalex.org/W4402200686,https://openalex.org/W3149971680
https://openalex.org/W4402200686,https://openalex.org/W4226157944
https://openalex.org/W4285085351,https://openalex.org/W3178960719
https://openalex.org/W7168300670,https://openalex.org/W4378194764
https://openalex.org/W4409060055,https://openalex.org/W4310449368
https://openalex.org/W4409060055,https://openalex.org/W4312219141
https://openalex.org/W4409060055,https://openalex.org/W4378842868
https://openalex.org/W4409060055,https://openalex.org/W4386159140
https://openalex.org/W4409060055,https://openalex.org/W4386260189
https://openalex.org/W4409060055,https://openalex.org/W4390416451
https://openalex.org/W4409060055,https://openalex.org/W4390606299
https://openalex.org/W4409060055,https://openalex.org/W4391424134
https://openalex.org/W4409060055,https://openalex.org/W4391759783
https://openalex.org/W4409060055,https://openalex.org/W4393144915
https://openalex.org/W4409060055,https://openalex.org/W4393864284
https://openalex.org/W4409060055,https://openalex.org/W4394595774
https://openalex.org/W4409060055,https://openalex.org/W4396575244
https://openalex.org/W4409060055,https://openalex.org/W4402595128
https://openalex.org/W7128635538,https://openalex.org/W4405306592
https://openalex.org/W4368317843,https://openalex.org/W3133339373
https://openalex.org/W4368317843,https://openalex.org/W4205152652
https://openalex.org/W4407251535,https://openalex.org/W3195390575
https://openalex.org/W4407251535,https://openalex.org/W3203760617
https://openalex.org/W4407251535,https://openalex.org/W3214399682
https://openalex.org/W4407251535,https://openalex.org/W4401510353
https://openalex.org/W4407251535,https://openalex.org/W4401688682
https://openalex.org/W4407251535,https://openalex.org/W4401975942
https://openalex.org/W4407251535,https://openalex.org/W4406029955
https://openalex.org/W4414508396,https://openalex.org/W3122505511
https://openalex.org/W4414508396,https://openalex.org/W4280607484
https://openalex.org/W4311292945,https://openalex.org/W4290378967
https://openalex.org/W7131085227,https://openalex.org/W3157621000
https://openalex.org/W7131085227,https://openalex.org/W4379144598
https://openalex.org/W7134198749,https://openalex.org/W4388520207
https://openalex.org/W7134198749,https://openalex.org/W4401385103
https://openalex.org/W7140847070,https://openalex.org/W4408094046
https://openalex.org/W4388978046,https://openalex.org/W3213030435
https://openalex.org/W4414042838,https://openalex.org/W4308485509
https://openalex.org/W4414042838,https://openalex.org/W4414042838
https://openalex.org/W4293716152,https://openalex.org/W4232237566
https://openalex.org/W4401381016,https://openalex.org/W3135434353
https://openalex.org/W4401381016,https://openalex.org/W4300724969
https://openalex.org/W4401381016,https://openalex.org/W4301180901
https://openalex.org/W4401381016,https://openalex.org/W4319443245
https://openalex.org/W4401381016,https://openalex.org/W4387728681
https://openalex.org/W4312898644,https://openalex.org/W4223586464
https://openalex.org/W4302024349,https://openalex.org/W4302024349
https://openalex.org/W7160696127,https://openalex.org/W4224239358
https://openalex.org/W7160696127,https://openalex.org/W4287958790
https://openalex.org/W7160696127,https://openalex.org/W4292794441
https://openalex.org/W7160696127,https://openalex.org/W4409355380
https://openalex.org/W4405029641,https://openalex.org/W4282923590
https://openalex.org/W4414829699,https://openalex.org/W4293282489
https://openalex.org/W3133968203,https://openalex.org/W3157532629
https://openalex.org/W3133968203,https://openalex.org/W3172436430
https://openalex.org/W4405130735,https://openalex.org/W4309165480
https://openalex.org/W4405130735,https://openalex.org/W4379013113
https://openalex.org/W4405130735,https://openalex.org/W4396495015
https://openalex.org/W4405130735,https://openalex.org/W4399813647
https://openalex.org/W4415976382,https://openalex.org/W3179303093
https://openalex.org/W4415976382,https://openalex.org/W3211732544
https://openalex.org/W4415976382,https://openalex.org/W4293374784
https://openalex.org/W4415976382,https://openalex.org/W4400005926
https://openalex.org/W4415976382,https://openalex.org/W4400883069
https://openalex.org/W4415976382,https://openalex.org/W4405493375
https://openalex.org/W4308952256,https://openalex.org/W4308952256
https://openalex.org/W4388489021,https://openalex.org/W3216245651
https://openalex.org/W4392761772,https://openalex.org/W3127802927
https://openalex.org/W4392761772,https://openalex.org/W3214483552
https://openalex.org/W4392761772,https://openalex.org/W4376106638
https://openalex.org/W4392761772,https://openalex.org/W4392761772
https://openalex.org/W4390588183,https://openalex.org/W4377232971
https://openalex.org/W4225014808,https://openalex.org/W3158147183
https://openalex.org/W4225014808,https://openalex.org/W3201125152
https://openalex.org/W4386703756,https://openalex.org/W3129711800
https://openalex.org/W4386703756,https://openalex.org/W3175629170
https://openalex.org/W4386703756,https://openalex.org/W3200021964
https://openalex.org/W4386703756,https://openalex.org/W4307125471
https://openalex.org/W4386703756,https://openalex.org/W4380853240
https://openalex.org/W4386703756,https://openalex.org/W4386029375
https://openalex.org/W4386703756,https://openalex.org/W4387234575
https://openalex.org/W4297223429,https://openalex.org/W3187630655
https://openalex.org/W4412626233,https://openalex.org/W3123337881
https://openalex.org/W4412626233,https://openalex.org/W3126192021
https://openalex.org/W4412626233,https://openalex.org/W4290803645
https://openalex.org/W4412626233,https://openalex.org/W4388282063
https://openalex.org/W4412626233,https://openalex.org/W4391280680
https://openalex.org/W4412626233,https://openalex.org/W4391340910
https://openalex.org/W4412626233,https://openalex.org/W4399515761
https://openalex.org/W4281661809,https://openalex.org/W3134314150
https://openalex.org/W4281661809,https://openalex.org/W3200575889
https://openalex.org/W4286561722,https://openalex.org/W3182540222
https://openalex.org/W4286561722,https://openalex.org/W4286561722
https://openalex.org/W4406202800,https://openalex.org/W4310504304
https://openalex.org/W3193221073,https://openalex.org/W3193221073
https://openalex.org/W4411112565,https://openalex.org/W3126627207
https://openalex.org/W4411112565,https://openalex.org/W3134314150
https://openalex.org/W4411112565,https://openalex.org/W3147055522
https://openalex.org/W4411112565,https://openalex.org/W4281671840
https://openalex.org/W4411112565,https://openalex.org/W4283793747
https://openalex.org/W4411112565,https://openalex.org/W4312094454
https://openalex.org/W4411112565,https://openalex.org/W4321350407
https://openalex.org/W4411112565,https://openalex.org/W4366134155
https://openalex.org/W4411112565,https://openalex.org/W4384945012
https://openalex.org/W4411112565,https://openalex.org/W4393356213
https://openalex.org/W4411112565,https://openalex.org/W4393385233
https://openalex.org/W4225291808,https://openalex.org/W3204446679
https://openalex.org/W4308298470,https://openalex.org/W3199261654
https://openalex.org/W7213281715,https://openalex.org/W4383876504
https://openalex.org/W7213281715,https://openalex.org/W4387393951
https://openalex.org/W7213281715,https://openalex.org/W4402630123
https://openalex.org/W7213281715,https://openalex.org/W4410729404
https://openalex.org/W7213281715,https://openalex.org/W7125976487
https://openalex.org/W4401109544,https://openalex.org/W4214569849
https://openalex.org/W4401109544,https://openalex.org/W4285217068
https://openalex.org/W4401109544,https://openalex.org/W4286620286
https://openalex.org/W4401109544,https://openalex.org/W4312219141
https://openalex.org/W4401109544,https://openalex.org/W4361029949
https://openalex.org/W4401109544,https://openalex.org/W4386323884
https://openalex.org/W4319791717,https://openalex.org/W4282841045
https://openalex.org/W4415047681,https://openalex.org/W4386073173
https://openalex.org/W7117695484,https://openalex.org/W3156246440
https://openalex.org/W7117695484,https://openalex.org/W4292427048
https://openalex.org/W4386070942,https://openalex.org/W4366977908
https://openalex.org/W4200634664,https://openalex.org/W3178960719
https://openalex.org/W4383702656,https://openalex.org/W4310364785
https://openalex.org/W4401760805,https://openalex.org/W3132646101
https://openalex.org/W4401760805,https://openalex.org/W4366824444
https://openalex.org/W7161792046,https://openalex.org/W4401211033
https://openalex.org/W7161792046,https://openalex.org/W4417268180
https://openalex.org/W7161792046,https://openalex.org/W4417462222
https://openalex.org/W4404259834,https://openalex.org/W4401211033
https://openalex.org/W4297348638,https://openalex.org/W3153295060
https://openalex.org/W4403647166,https://openalex.org/W4399238266
https://openalex.org/W4390732910,https://openalex.org/W3202587163
https://openalex.org/W4390732910,https://openalex.org/W4382393957
https://openalex.org/W4415503223,https://openalex.org/W4403837013
https://openalex.org/W4415503223,https://openalex.org/W4413104436
https://openalex.org/W4392817822,https://openalex.org/W3202587163
https://openalex.org/W4282971422,https://openalex.org/W3181479783
https://openalex.org/W4407371331,https://openalex.org/W4312090027
https://openalex.org/W4407371331,https://openalex.org/W4387199899
https://openalex.org/W4407371331,https://openalex.org/W4387364067
https://openalex.org/W4407371331,https://openalex.org/W4387968801
https://openalex.org/W4407371331,https://openalex.org/W4388763050
https://openalex.org/W4407371331,https://openalex.org/W4391431615
https://openalex.org/W4407371331,https://openalex.org/W4391474836
https://openalex.org/W4407371331,https://openalex.org/W4401335746
https://openalex.org/W4281552736,https://openalex.org/W3174294815
https://openalex.org/W4281552736,https://openalex.org/W3199247289
https://openalex.org/W4385065274,https://openalex.org/W3186592285
https://openalex.org/W4385065274,https://openalex.org/W4281655558
https://openalex.org/W4385065274,https://openalex.org/W4281700520
https://openalex.org/W4385065274,https://openalex.org/W4285223321
https://openalex.org/W4385065274,https://openalex.org/W4290378967
https://openalex.org/W4321612717,https://openalex.org/W4306681654
https://openalex.org/W4226100567,https://openalex.org/W3169909418
https://openalex.org/W7125496007,https://openalex.org/W4383558567
https://openalex.org/W7125496007,https://openalex.org/W4390839238
https://openalex.org/W7125496007,https://openalex.org/W4391988510
https://openalex.org/W7125496007,https://openalex.org/W4392737034
https://openalex.org/W7125496007,https://openalex.org/W4403430142
https://openalex.org/W7125496007,https://openalex.org/W7124346895
https://openalex.org/W4416128312,https://openalex.org/W4378953432
https://openalex.org/W7161719009,https://openalex.org/W4408976136
https://openalex.org/W7161719009,https://openalex.org/W4415255955
https://openalex.org/W4391722265,https://openalex.org/W4200150967
https://openalex.org/W4391722265,https://openalex.org/W4362624705
https://openalex.org/W4404130284,https://openalex.org/W4294991267
https://openalex.org/W3204462302,https://openalex.org/W3131392783
https://openalex.org/W3204462302,https://openalex.org/W3163441530
https://openalex.org/W4206377022,https://openalex.org/W4210737025
https://openalex.org/W4310228499,https://openalex.org/W4282965610
https://openalex.org/W3148058960,https://openalex.org/W3199284718
https://openalex.org/W4411779234,https://openalex.org/W4405447362
https://openalex.org/W4408026545,https://openalex.org/W3159157307
https://openalex.org/W4408026545,https://openalex.org/W3186023809
https://openalex.org/W4408026545,https://openalex.org/W4306725833
https://openalex.org/W4408026545,https://openalex.org/W4387016129
https://openalex.org/W4223524190,https://openalex.org/W3159112551
https://openalex.org/W4223524190,https://openalex.org/W3215162656
https://openalex.org/W4413182679,https://openalex.org/W4224228901
https://openalex.org/W7118780177,https://openalex.org/W4388705780
https://openalex.org/W7118780177,https://openalex.org/W4405041052
https://openalex.org/W4283522460,https://openalex.org/W4283585382
https://openalex.org/W4362606213,https://openalex.org/W3208957374
https://openalex.org/W4410540635,https://openalex.org/W3164661615
https://openalex.org/W4410540635,https://openalex.org/W4224241728
https://openalex.org/W4410540635,https://openalex.org/W4381309868
https://openalex.org/W4410540635,https://openalex.org/W4385264584
https://openalex.org/W4410540635,https://openalex.org/W4385898289
https://openalex.org/W4410540635,https://openalex.org/W4403301757
https://openalex.org/W4410540635,https://openalex.org/W4408884599
https://openalex.org/W4406790484,https://openalex.org/W3122018879
https://openalex.org/W4406790484,https://openalex.org/W4401983778
https://openalex.org/W4413292862,https://openalex.org/W4319216255
https://openalex.org/W3082120346,https://openalex.org/W3128849487
https://openalex.org/W3082120346,https://openalex.org/W3160751182
https://openalex.org/W4406189691,https://openalex.org/W3205619139
https://openalex.org/W4410872393,https://openalex.org/W3122505511
https://openalex.org/W4411194781,https://openalex.org/W4296182480
https://openalex.org/W4411194781,https://openalex.org/W4401405092
https://openalex.org/W4415887252,https://openalex.org/W3112618968
https://openalex.org/W4415887252,https://openalex.org/W4409871480
https://openalex.org/W4415887252,https://openalex.org/W4401211033
https://openalex.org/W4415887252,https://openalex.org/W4394905311
https://openalex.org/W4415887252,https://openalex.org/W3178960719
https://openalex.org/W4415887252,https://openalex.org/W4408003660
https://openalex.org/W4415887252,https://openalex.org/W4285371578
https://openalex.org/W4415887252,https://openalex.org/W4387894048
https://openalex.org/W4415887252,https://openalex.org/W4386475257
https://openalex.org/W4415887252,https://openalex.org/W4385495897
https://openalex.org/W4415887252,https://openalex.org/W4384201411
https://openalex.org/W4415887252,https://openalex.org/W4283803434
https://openalex.org/W4415887252,https://openalex.org/W4387730272
https://openalex.org/W4410605099,https://openalex.org/W3128623005
https://openalex.org/W4408112911,https://openalex.org/W4296101602
https://openalex.org/W7203678130,https://openalex.org/W4294597614
https://openalex.org/W7203678130,https://openalex.org/W4313643908
https://openalex.org/W7203678130,https://openalex.org/W4398236966
https://openalex.org/W7203678130,https://openalex.org/W4399365886
https://openalex.org/W7203678130,https://openalex.org/W4403718040
https://openalex.org/W7203678130,https://openalex.org/W4405698013
https://openalex.org/W7203678130,https://openalex.org/W4411177763
https://openalex.org/W7203678130,https://openalex.org/W4413969405
https://openalex.org/W7203678130,https://openalex.org/W7160206875
https://openalex.org/W4224980446,https://openalex.org/W3173204584
https://openalex.org/W4224980446,https://openalex.org/W3184968032
https://openalex.org/W4400983779,https://openalex.org/W3208145391
https://openalex.org/W4405536559,https://openalex.org/W3185053343
https://openalex.org/W4405536559,https://openalex.org/W3188331302
https://openalex.org/W4405536559,https://openalex.org/W4283655887
https://openalex.org/W4405536559,https://openalex.org/W4316022300
https://openalex.org/W4405536559,https://openalex.org/W4319869866
https://openalex.org/W4405536559,https://openalex.org/W4384825228
https://openalex.org/W4405536559,https://openalex.org/W4390604379
https://openalex.org/W7123346823,https://openalex.org/W3111211383
https://openalex.org/W7123346823,https://openalex.org/W3126665462
https://openalex.org/W7123346823,https://openalex.org/W3159111439
https://openalex.org/W7123346823,https://openalex.org/W4243447653
https://openalex.org/W7123346823,https://openalex.org/W4285732530
https://openalex.org/W7123346823,https://openalex.org/W4289866219
https://openalex.org/W7123346823,https://openalex.org/W4364366670
https://openalex.org/W7123346823,https://openalex.org/W4372298597
https://openalex.org/W7123346823,https://openalex.org/W4393383512
https://openalex.org/W4388694194,https://openalex.org/W3211138370
https://openalex.org/W4407074008,https://openalex.org/W3195664687
https://openalex.org/W4407074008,https://openalex.org/W4214628059
https://openalex.org/W7155061355,https://openalex.org/W4408503452
https://openalex.org/W4385948977,https://openalex.org/W4385948977
https://openalex.org/W4280653647,https://openalex.org/W3189763979
https://openalex.org/W4280653647,https://openalex.org/W4210588971
https://openalex.org/W4412651162,https://openalex.org/W3138990775
https://openalex.org/W4412651162,https://openalex.org/W4283368337
https://openalex.org/W4412651162,https://openalex.org/W4393315003
https://openalex.org/W4412651162,https://openalex.org/W4396641340
https://openalex.org/W3139013563,https://openalex.org/W3127055568
https://openalex.org/W3196851376,https://openalex.org/W3196851376
https://openalex.org/W4323655945,https://openalex.org/W4291019119
https://openalex.org/W4406586701,https://openalex.org/W4386019924
https://openalex.org/W4224325974,https://openalex.org/W4224325974
https://openalex.org/W4205852692,https://openalex.org/W3198730646
https://openalex.org/W4409170937,https://openalex.org/W4311871533
https://openalex.org/W4409170937,https://openalex.org/W4323842700
https://openalex.org/W4409170937,https://openalex.org/W4378716498
https://openalex.org/W4405830668,https://openalex.org/W3154461191
https://openalex.org/W4405830668,https://openalex.org/W3178664441
https://openalex.org/W4405830668,https://openalex.org/W4223970269
https://openalex.org/W4405830668,https://openalex.org/W4282928318
https://openalex.org/W4405830668,https://openalex.org/W4304758149
https://openalex.org/W4405830668,https://openalex.org/W4322754421
https://openalex.org/W4405830668,https://openalex.org/W4377233679
https://openalex.org/W4405830668,https://openalex.org/W4387663455
https://openalex.org/W4405830668,https://openalex.org/W4393407726
https://openalex.org/W7160127592,https://openalex.org/W3124389607
https://openalex.org/W7202087474,https://openalex.org/W3186932900
https://openalex.org/W7202087474,https://openalex.org/W4385422641
https://openalex.org/W4388565159,https://openalex.org/W4288698312
https://openalex.org/W4388565159,https://openalex.org/W4296836895
https://openalex.org/W7167075308,https://openalex.org/W4408528606
https://openalex.org/W7160330640,https://openalex.org/W3174375172
https://openalex.org/W7160330640,https://openalex.org/W4307427396
https://openalex.org/W7160330640,https://openalex.org/W4385439370
https://openalex.org/W7160330640,https://openalex.org/W4391225170
https://openalex.org/W4324332755,https://openalex.org/W4296416787
https://openalex.org/W4324332755,https://openalex.org/W4312866492
https://openalex.org/W4324332755,https://openalex.org/W4324332700
https://openalex.org/W4324332755,https://openalex.org/W4324332735
https://openalex.org/W4295298930,https://openalex.org/W4206976142
https://openalex.org/W4312100829,https://openalex.org/W3118535008
https://openalex.org/W4312100829,https://openalex.org/W3128374175
https://openalex.org/W4312100829,https://openalex.org/W3211762520
https://openalex.org/W4387917611,https://openalex.org/W3122795031
https://openalex.org/W4403749283,https://openalex.org/W4391644099
https://openalex.org/W4402170856,https://openalex.org/W4399934501
https://openalex.org/W4221161534,https://openalex.org/W3111256350
https://openalex.org/W4221161534,https://openalex.org/W3112618968
https://openalex.org/W4221161534,https://openalex.org/W3178960719
https://openalex.org/W4221161534,https://openalex.org/W3190301232
https://openalex.org/W4221161534,https://openalex.org/W4225003256
https://openalex.org/W4413422384,https://openalex.org/W4221062318
https://openalex.org/W4413422384,https://openalex.org/W4286456962
https://openalex.org/W4413422384,https://openalex.org/W4309609017
https://openalex.org/W4413422384,https://openalex.org/W4320481812
https://openalex.org/W4413422384,https://openalex.org/W4384790545
https://openalex.org/W4413422384,https://openalex.org/W4390696040
https://openalex.org/W4413422384,https://openalex.org/W4402581675
https://openalex.org/W4413422384,https://openalex.org/W4403052293
https://openalex.org/W4226208242,https://openalex.org/W2990187828
https://openalex.org/W4226208242,https://openalex.org/W3191420927
https://openalex.org/W7167787173,https://openalex.org/W4404466423
https://openalex.org/W4396882035,https://openalex.org/W2797547379
https://openalex.org/W4396882035,https://openalex.org/W3207372427
https://openalex.org/W4396882035,https://openalex.org/W4390575186
https://openalex.org/W4397041465,https://openalex.org/W3157427343
https://openalex.org/W4397041465,https://openalex.org/W4213156669
https://openalex.org/W7130584816,https://openalex.org/W4409015780
https://openalex.org/W4306761787,https://openalex.org/W4302027573
https://openalex.org/W4390499147,https://openalex.org/W4377245231
https://openalex.org/W4229446836,https://openalex.org/W3139542841
https://openalex.org/W4229446836,https://openalex.org/W3168917506
https://openalex.org/W3216979148,https://openalex.org/W4386448255
https://openalex.org/W4292372336,https://openalex.org/W3166296073
https://openalex.org/W4389233597,https://openalex.org/W3169520380
https://openalex.org/W4389233597,https://openalex.org/W3205108747
https://openalex.org/W4389233597,https://openalex.org/W4309047068
https://openalex.org/W4389233597,https://openalex.org/W4311765957
https://openalex.org/W4400654892,https://openalex.org/W4391401290
https://openalex.org/W4200369377,https://openalex.org/W4200369377
https://openalex.org/W4414583638,https://openalex.org/W4297990866
https://openalex.org/W4414583638,https://openalex.org/W4389625322
https://openalex.org/W4414583638,https://openalex.org/W4392517487
https://openalex.org/W4414583638,https://openalex.org/W4404028948
https://openalex.org/W4414583638,https://openalex.org/W4404169138
https://openalex.org/W4317779094,https://openalex.org/W4205745693
https://openalex.org/W4317779094,https://openalex.org/W4310122184
https://openalex.org/W4316464032,https://openalex.org/W3174375172
https://openalex.org/W4316464032,https://openalex.org/W3201799066
https://openalex.org/W4316464032,https://openalex.org/W4223992310
https://openalex.org/W4312219349,https://openalex.org/W4225713766
https://openalex.org/W4312219349,https://openalex.org/W4226033020
https://openalex.org/W4223438099,https://openalex.org/W3121709350
https://openalex.org/W4223438099,https://openalex.org/W3155550370
https://openalex.org/W4223438099,https://openalex.org/W3155806984
https://openalex.org/W4400942876,https://openalex.org/W3157037438
https://openalex.org/W4400942876,https://openalex.org/W4313473074
https://openalex.org/W4400942876,https://openalex.org/W4323270109
https://openalex.org/W4400942876,https://openalex.org/W4361005804
https://openalex.org/W4400942876,https://openalex.org/W4387422443
https://openalex.org/W4400942876,https://openalex.org/W4404733359
https://openalex.org/W7124141422,https://openalex.org/W4414243465
https://openalex.org/W4406244838,https://openalex.org/W4381890869
https://openalex.org/W4297235919,https://openalex.org/W3189567893
https://openalex.org/W4297235919,https://openalex.org/W3211998835
https://openalex.org/W4396916690,https://openalex.org/W4307171279
https://openalex.org/W4402690707,https://openalex.org/W4392514338
https://openalex.org/W3184354341,https://openalex.org/W3094781107
https://openalex.org/W3184354341,https://openalex.org/W3111477536
https://openalex.org/W4210355398,https://openalex.org/W3121055660
https://openalex.org/W4396898886,https://openalex.org/W3173241814
https://openalex.org/W4404269585,https://openalex.org/W3130456765
https://openalex.org/W4309890128,https://openalex.org/W4225463282
https://openalex.org/W7212221383,https://openalex.org/W4390042778
https://openalex.org/W7212221383,https://openalex.org/W4401983778
https://openalex.org/W4415757334,https://openalex.org/W4387408745
https://openalex.org/W4415757334,https://openalex.org/W4415757334
https://openalex.org/W7166074368,https://openalex.org/W4206385470
https://openalex.org/W7166074368,https://openalex.org/W4388294234
https://openalex.org/W7166074368,https://openalex.org/W4402965478
https://openalex.org/W4285294075,https://openalex.org/W4213449012
https://openalex.org/W4400118920,https://openalex.org/W3170125905
https://openalex.org/W4400118920,https://openalex.org/W4317914647
https://openalex.org/W4200218643,https://openalex.org/W3165052511
https://openalex.org/W7153921852,https://openalex.org/W4378953690
https://openalex.org/W7153921852,https://openalex.org/W4386874315
https://openalex.org/W7153921852,https://openalex.org/W4410841320
https://openalex.org/W7153921852,https://openalex.org/W4411473238
https://openalex.org/W4220933023,https://openalex.org/W4224015890
https://openalex.org/W4417065374,https://openalex.org/W3112618968
https://openalex.org/W4417065374,https://openalex.org/W3168408968
https://openalex.org/W4417065374,https://openalex.org/W3178960719
https://openalex.org/W4417065374,https://openalex.org/W3217020768
https://openalex.org/W4417065374,https://openalex.org/W3217268717
https://openalex.org/W4417065374,https://openalex.org/W4225003256
https://openalex.org/W4417065374,https://openalex.org/W4282932639
https://openalex.org/W4417065374,https://openalex.org/W4285371578
https://openalex.org/W4417065374,https://openalex.org/W4386475257
https://openalex.org/W4417065374,https://openalex.org/W4391591351
https://openalex.org/W4417065374,https://openalex.org/W4391871276
https://openalex.org/W4417065374,https://openalex.org/W4392183581
https://openalex.org/W4417065374,https://openalex.org/W4394905311
https://openalex.org/W4417065374,https://openalex.org/W4394905319
https://openalex.org/W4417065374,https://openalex.org/W4399933329
https://openalex.org/W4403055153,https://openalex.org/W4389477450
https://openalex.org/W4392946509,https://openalex.org/W4384103778
https://openalex.org/W4392946509,https://openalex.org/W4385423940
https://openalex.org/W4392946509,https://openalex.org/W4392946509
https://openalex.org/W4229002009,https://openalex.org/W3188985572
https://openalex.org/W4229002009,https://openalex.org/W3197464514
https://openalex.org/W4229002009,https://openalex.org/W3198535020
https://openalex.org/W4406421710,https://openalex.org/W3197194607
https://openalex.org/W4406421710,https://openalex.org/W4281620518
https://openalex.org/W4393356213,https://openalex.org/W3126627207
https://openalex.org/W4393356213,https://openalex.org/W3134314150
https://openalex.org/W4393356213,https://openalex.org/W4281661809
https://openalex.org/W4393356213,https://openalex.org/W4283793747
https://openalex.org/W4393356213,https://openalex.org/W4298126387
https://openalex.org/W4393356213,https://openalex.org/W4312094454
https://openalex.org/W4393356213,https://openalex.org/W4366134155
https://openalex.org/W4220847701,https://openalex.org/W4200200763
https://openalex.org/W4408716234,https://openalex.org/W3200154406
https://openalex.org/W4408716234,https://openalex.org/W4365563289
https://openalex.org/W4408716234,https://openalex.org/W4385603877
https://openalex.org/W4408716234,https://openalex.org/W4401041972
https://openalex.org/W4403900153,https://openalex.org/W3208220618
https://openalex.org/W4403900153,https://openalex.org/W4376615435
https://openalex.org/W4404689403,https://openalex.org/W4404689277
https://openalex.org/W4409781921,https://openalex.org/W3118431863
https://openalex.org/W4409781921,https://openalex.org/W3129042760
https://openalex.org/W4409781921,https://openalex.org/W4368356183
https://openalex.org/W4409781921,https://openalex.org/W4404043888
https://openalex.org/W4409781921,https://openalex.org/W4406753478
https://openalex.org/W4220746953,https://openalex.org/W4210548804
https://openalex.org/W4415955808,https://openalex.org/W3201825653
https://openalex.org/W4406984264,https://openalex.org/W3112618968
https://openalex.org/W4406984264,https://openalex.org/W3178960719
https://openalex.org/W4406984264,https://openalex.org/W4385201279
https://openalex.org/W4406984264,https://openalex.org/W4386453521
https://openalex.org/W4406984264,https://openalex.org/W4386453538
https://openalex.org/W4406984264,https://openalex.org/W4394905311
https://openalex.org/W4310769040,https://openalex.org/W4304889418
https://openalex.org/W4310769040,https://openalex.org/W4310648975
https://openalex.org/W7128363260,https://openalex.org/W4404633231
https://openalex.org/W7128363260,https://openalex.org/W4410244783
https://openalex.org/W7204148754,https://openalex.org/W4406161753
https://openalex.org/W7204148754,https://openalex.org/W4410058352
https://openalex.org/W4280502509,https://openalex.org/W3214198043
https://openalex.org/W4280502509,https://openalex.org/W4200547680
https://openalex.org/W4311288749,https://openalex.org/W3193204642
https://openalex.org/W4396844103,https://openalex.org/W4388673199
https://openalex.org/W4412427264,https://openalex.org/W4283033107
https://openalex.org/W4412427264,https://openalex.org/W4390405440
https://openalex.org/W4412427264,https://openalex.org/W4401448611
https://openalex.org/W4412427264,https://openalex.org/W4411180549
https://openalex.org/W4280533333,https://openalex.org/W3118628042
https://openalex.org/W4225592966,https://openalex.org/W3174721530
https://openalex.org/W4225592966,https://openalex.org/W3215369792
https://openalex.org/W4220772964,https://openalex.org/W3174932466
https://openalex.org/W4409060059,https://openalex.org/W4310449368
https://openalex.org/W4409060059,https://openalex.org/W4312219141
https://openalex.org/W4409060059,https://openalex.org/W4378842868
https://openalex.org/W4409060059,https://openalex.org/W4386159140
https://openalex.org/W4409060059,https://openalex.org/W4386260189
https://openalex.org/W4409060059,https://openalex.org/W4390416451
https://openalex.org/W4409060059,https://openalex.org/W4390606299
https://openalex.org/W4409060059,https://openalex.org/W4391424134
https://openalex.org/W4409060059,https://openalex.org/W4391759783
https://openalex.org/W4409060059,https://openalex.org/W4393144915
https://openalex.org/W4409060059,https://openalex.org/W4393864284
https://openalex.org/W4409060059,https://openalex.org/W4394595774
https://openalex.org/W4409060059,https://openalex.org/W4396575244
https://openalex.org/W4409060059,https://openalex.org/W4402595128
https://openalex.org/W4415008288,https://openalex.org/W4404180856
https://openalex.org/W4415008288,https://openalex.org/W4413074987
https://openalex.org/W4367598665,https://openalex.org/W3159961903
https://openalex.org/W7201866971,https://openalex.org/W3133710206
https://openalex.org/W4310777799,https://openalex.org/W3172518407
https://openalex.org/W4310777799,https://openalex.org/W4213085895
https://openalex.org/W4407561221,https://openalex.org/W3154461191
https://openalex.org/W4407561221,https://openalex.org/W3178664441
https://openalex.org/W4407561221,https://openalex.org/W4223970269
https://openalex.org/W4407561221,https://openalex.org/W4282928318
https://openalex.org/W4407561221,https://openalex.org/W4304758149
https://openalex.org/W4407561221,https://openalex.org/W4322754421
https://openalex.org/W4407561221,https://openalex.org/W4362554816
https://openalex.org/W4407561221,https://openalex.org/W4393407726
https://openalex.org/W4407561221,https://openalex.org/W4405830668
https://openalex.org/W4388729266,https://openalex.org/W3184526219
https://openalex.org/W4388729266,https://openalex.org/W4282920495
https://openalex.org/W4388729266,https://openalex.org/W4377940548
https://openalex.org/W4387624642,https://openalex.org/W3135003973
https://openalex.org/W4404829656,https://openalex.org/W3184968032
https://openalex.org/W4404829656,https://openalex.org/W4224980446
https://openalex.org/W4404829656,https://openalex.org/W4313325369
https://openalex.org/W4404829656,https://openalex.org/W4400153170
https://openalex.org/W4307199200,https://openalex.org/W3128110586
https://openalex.org/W4307199200,https://openalex.org/W3174393458
https://openalex.org/W4307199200,https://openalex.org/W4307199200
https://openalex.org/W4400914292,https://openalex.org/W3157966354
https://openalex.org/W4402591530,https://openalex.org/W4224292523
https://openalex.org/W7115060706,https://openalex.org/W4406288367
https://openalex.org/W4407760001,https://openalex.org/W4283803434
https://openalex.org/W4407760001,https://openalex.org/W4391273012
https://openalex.org/W4407760001,https://openalex.org/W4383102915
https://openalex.org/W4407760001,https://openalex.org/W3112618968
https://openalex.org/W4407760001,https://openalex.org/W4394905311
https://openalex.org/W4407760001,https://openalex.org/W3178960719
https://openalex.org/W4382364266,https://openalex.org/W3181300103
https://openalex.org/W4306252531,https://openalex.org/W4294919729
https://openalex.org/W4413055103,https://openalex.org/W4307495323
https://openalex.org/W4413055103,https://openalex.org/W4328100148
https://openalex.org/W4413055103,https://openalex.org/W4362523885
https://openalex.org/W4226510677,https://openalex.org/W3200632266
https://openalex.org/W4390640276,https://openalex.org/W4250801952
https://openalex.org/W3192679399,https://openalex.org/W3173102681
https://openalex.org/W7126113824,https://openalex.org/W4392124645
https://openalex.org/W4393853648,https://openalex.org/W3194023449
https://openalex.org/W4393853648,https://openalex.org/W4226358889
https://openalex.org/W4393853648,https://openalex.org/W4297154066
https://openalex.org/W4393853648,https://openalex.org/W4308747005
https://openalex.org/W4393853648,https://openalex.org/W4384696814
https://openalex.org/W7118000042,https://openalex.org/W4200435752
https://openalex.org/W4414633952,https://openalex.org/W4293371001
https://openalex.org/W7202126545,https://openalex.org/W4394905311
https://openalex.org/W4406203512,https://openalex.org/W4206371996
https://openalex.org/W7163700220,https://openalex.org/W3121026993
https://openalex.org/W7163700220,https://openalex.org/W4200563456
https://openalex.org/W7163700220,https://openalex.org/W4386725785
https://openalex.org/W7163700220,https://openalex.org/W4404323298
https://openalex.org/W3165052511,https://openalex.org/W3203217270
https://openalex.org/W4394674052,https://openalex.org/W3198696472
https://openalex.org/W4394674052,https://openalex.org/W4376133358
https://openalex.org/W4402099446,https://openalex.org/W4310500731
https://openalex.org/W4366521183,https://openalex.org/W3180468909
https://openalex.org/W4366521183,https://openalex.org/W4290853767
https://openalex.org/W4361865415,https://openalex.org/W2963002078
https://openalex.org/W4361865415,https://openalex.org/W3112618968
https://openalex.org/W4361865415,https://openalex.org/W3130715910
https://openalex.org/W4361865415,https://openalex.org/W3178960719
https://openalex.org/W4361865415,https://openalex.org/W3215123559
https://openalex.org/W4394820409,https://openalex.org/W4220847391
https://openalex.org/W4394820409,https://openalex.org/W4296977078
https://openalex.org/W4394820409,https://openalex.org/W4322502928
https://openalex.org/W4394820409,https://openalex.org/W4380905683
https://openalex.org/W7165003882,https://openalex.org/W4412373288
https://openalex.org/W4308245774,https://openalex.org/W4283748264
https://openalex.org/W4399523338,https://openalex.org/W4376876465
https://openalex.org/W7163698739,https://openalex.org/W3157065452
https://openalex.org/W7163698739,https://openalex.org/W3168976170
https://openalex.org/W7163698739,https://openalex.org/W3201203265
https://openalex.org/W7163698739,https://openalex.org/W4283750065
https://openalex.org/W7163698739,https://openalex.org/W4288368491
https://openalex.org/W7163698739,https://openalex.org/W4308174634
https://openalex.org/W7118320858,https://openalex.org/W4313590458
https://openalex.org/W7118320858,https://openalex.org/W4405523416
https://openalex.org/W4417091451,https://openalex.org/W3163052290
https://openalex.org/W4417091451,https://openalex.org/W4324307193
https://openalex.org/W4417091451,https://openalex.org/W4404064678
https://openalex.org/W7168014927,https://openalex.org/W4391095014
https://openalex.org/W7168014927,https://openalex.org/W4393183862
https://openalex.org/W7168014927,https://openalex.org/W4409983086
https://openalex.org/W7168014927,https://openalex.org/W4414210246
https://openalex.org/W7168014927,https://openalex.org/W4416199116
https://openalex.org/W7168014927,https://openalex.org/W4416203732
https://openalex.org/W7168014927,https://openalex.org/W4417283662
https://openalex.org/W4403463796,https://openalex.org/W4293721658
https://openalex.org/W4403463796,https://openalex.org/W4385507132
https://openalex.org/W4416690611,https://openalex.org/W4365998129
https://openalex.org/W4319869866,https://openalex.org/W4200547680
https://openalex.org/W4319869866,https://openalex.org/W4280502509
https://openalex.org/W4319869866,https://openalex.org/W4286632145
https://openalex.org/W4319869866,https://openalex.org/W4294795722
https://openalex.org/W4319869866,https://openalex.org/W4304693526
https://openalex.org/W4396578189,https://openalex.org/W3141744159
https://openalex.org/W4396578189,https://openalex.org/W4378834387
https://openalex.org/W4226043498,https://openalex.org/W3090176141
https://openalex.org/W4226043498,https://openalex.org/W3143096508
https://openalex.org/W4415545217,https://openalex.org/W3136269938
https://openalex.org/W4415545217,https://openalex.org/W4291019119
https://openalex.org/W4415545217,https://openalex.org/W4306638507
https://openalex.org/W4415545217,https://openalex.org/W4323655945
https://openalex.org/W4415545217,https://openalex.org/W4389195985
https://openalex.org/W4415545217,https://openalex.org/W4391248667
https://openalex.org/W4415545217,https://openalex.org/W4407070596
https://openalex.org/W4398166274,https://openalex.org/W4321483326
https://openalex.org/W3162669665,https://openalex.org/W3136777397
https://openalex.org/W3215508358,https://openalex.org/W3168445035
https://openalex.org/W3215508358,https://openalex.org/W4289260622
https://openalex.org/W4362677166,https://openalex.org/W3199646181
https://openalex.org/W4362677166,https://openalex.org/W4280492942
https://openalex.org/W4401041972,https://openalex.org/W3200154406
https://openalex.org/W4401041972,https://openalex.org/W4365563289
https://openalex.org/W4401041972,https://openalex.org/W4376629381
https://openalex.org/W4399274867,https://openalex.org/W4224995928
https://openalex.org/W4399274867,https://openalex.org/W4311029834
https://openalex.org/W4399274867,https://openalex.org/W4394582117
https://openalex.org/W4408112219,https://openalex.org/W3199068996
https://openalex.org/W4408112219,https://openalex.org/W3209730426
https://openalex.org/W4408112219,https://openalex.org/W4213428903
https://openalex.org/W4408112219,https://openalex.org/W4324149948
https://openalex.org/W4382982918,https://openalex.org/W4316505894
https://openalex.org/W4416134069,https://openalex.org/W4382401230
https://openalex.org/W4416134069,https://openalex.org/W4402974986
https://openalex.org/W4399499507,https://openalex.org/W4210298264
https://openalex.org/W4399499507,https://openalex.org/W4309037045
https://openalex.org/W4411540441,https://openalex.org/W4388901350
https://openalex.org/W4411540441,https://openalex.org/W4396921301
https://openalex.org/W4411540441,https://openalex.org/W4400060722
https://openalex.org/W4411540441,https://openalex.org/W4407967914
https://openalex.org/W4411540441,https://openalex.org/W4410020542
https://openalex.org/W4390150932,https://openalex.org/W3179709780
https://openalex.org/W4312179061,https://openalex.org/W3165542633
https://openalex.org/W4312179061,https://openalex.org/W3175434968
https://openalex.org/W4312179061,https://openalex.org/W4212769737
https://openalex.org/W4312179061,https://openalex.org/W4312179061
https://openalex.org/W7153161787,https://openalex.org/W4415749683
https://openalex.org/W4388672278,https://openalex.org/W4318187172
https://openalex.org/W3184809739,https://openalex.org/W3120143721
https://openalex.org/W4362458883,https://openalex.org/W3153626527
https://openalex.org/W4362458883,https://openalex.org/W4220934968
https://openalex.org/W4404299612,https://openalex.org/W3172592264
https://openalex.org/W4404299612,https://openalex.org/W4210585152
https://openalex.org/W4404299612,https://openalex.org/W4372254956
https://openalex.org/W4223992310,https://openalex.org/W3188446399
https://openalex.org/W4416344536,https://openalex.org/W3121033762
https://openalex.org/W4416344536,https://openalex.org/W3210367424
https://openalex.org/W4416344536,https://openalex.org/W4318767338
https://openalex.org/W4405177541,https://openalex.org/W4387193256
https://openalex.org/W7135048309,https://openalex.org/W4402297735
https://openalex.org/W4394563697,https://openalex.org/W3210350191
https://openalex.org/W4394563697,https://openalex.org/W4280524367
https://openalex.org/W4411806318,https://openalex.org/W3155407021
https://openalex.org/W4411806318,https://openalex.org/W4411806318
https://openalex.org/W4412611598,https://openalex.org/W3127013726
https://openalex.org/W4395669741,https://openalex.org/W3189026951
https://openalex.org/W4414017147,https://openalex.org/W4403597013
https://openalex.org/W4380423290,https://openalex.org/W4366351954
https://openalex.org/W4205292678,https://openalex.org/W3139031185
https://openalex.org/W3215325037,https://openalex.org/W3188456550
https://openalex.org/W4281695559,https://openalex.org/W3134514053
https://openalex.org/W4281695559,https://openalex.org/W3136970984
https://openalex.org/W4281695559,https://openalex.org/W3157214414
https://openalex.org/W4388901350,https://openalex.org/W4200124029
https://openalex.org/W4388901350,https://openalex.org/W4312090027
https://openalex.org/W4388901350,https://openalex.org/W4382930914
https://openalex.org/W4388901350,https://openalex.org/W4384642581
https://openalex.org/W7161603038,https://openalex.org/W3166296073
https://openalex.org/W7161603038,https://openalex.org/W4285294075
https://openalex.org/W7161603038,https://openalex.org/W4293581991
https://openalex.org/W7161603038,https://openalex.org/W4385291677
https://openalex.org/W7161603038,https://openalex.org/W4402755344
https://openalex.org/W4417304610,https://openalex.org/W3121709350
https://openalex.org/W4417304610,https://openalex.org/W3155550370
https://openalex.org/W4417304610,https://openalex.org/W3155806984
https://openalex.org/W4417304610,https://openalex.org/W3156446579
https://openalex.org/W4417304610,https://openalex.org/W4206154232
https://openalex.org/W4417304610,https://openalex.org/W4223438099
https://openalex.org/W4417304610,https://openalex.org/W4379208857
https://openalex.org/W4417304610,https://openalex.org/W4391025760
https://openalex.org/W4417304610,https://openalex.org/W4393973765
https://openalex.org/W4417304610,https://openalex.org/W4408540867
https://openalex.org/W4417304610,https://openalex.org/W4411078464
https://openalex.org/W4403667933,https://openalex.org/W4387895102
https://openalex.org/W4396832429,https://openalex.org/W4200099481
https://openalex.org/W4387048057,https://openalex.org/W2963002078
https://openalex.org/W4387048057,https://openalex.org/W3127013726
https://openalex.org/W4387048057,https://openalex.org/W3154683697
https://openalex.org/W7155209189,https://openalex.org/W4401955216
https://openalex.org/W7155209189,https://openalex.org/W4414041436
https://openalex.org/W7134283389,https://openalex.org/W3124242578
https://openalex.org/W3212380987,https://openalex.org/W3133234490
https://openalex.org/W4415353556,https://openalex.org/W4327899805
https://openalex.org/W4415353556,https://openalex.org/W4386070942
https://openalex.org/W4415353556,https://openalex.org/W4402625831
https://openalex.org/W4415353556,https://openalex.org/W4412747974
https://openalex.org/W4387588473,https://openalex.org/W4250801952
https://openalex.org/W4405388155,https://openalex.org/W3155276450
https://openalex.org/W4405388155,https://openalex.org/W3157375112
https://openalex.org/W4405388155,https://openalex.org/W4319000720
https://openalex.org/W4405388155,https://openalex.org/W4323567415
https://openalex.org/W7128438206,https://openalex.org/W4379209248
https://openalex.org/W7128438206,https://openalex.org/W4392158813
https://openalex.org/W7128438206,https://openalex.org/W4404361650
https://openalex.org/W7128438206,https://openalex.org/W4411290764
https://openalex.org/W4394688240,https://openalex.org/W4312310564
https://openalex.org/W4388339844,https://openalex.org/W3188496752
https://openalex.org/W4416594771,https://openalex.org/W3177664440
https://openalex.org/W4416594771,https://openalex.org/W4220845798
https://openalex.org/W4401021850,https://openalex.org/W3216770128
https://openalex.org/W4389356826,https://openalex.org/W3134195618
https://openalex.org/W4389356826,https://openalex.org/W3169520380
https://openalex.org/W4389356826,https://openalex.org/W3177664440
https://openalex.org/W4389356826,https://openalex.org/W3205108747
https://openalex.org/W4389356826,https://openalex.org/W4220913901
https://openalex.org/W4389356826,https://openalex.org/W4281767172
https://openalex.org/W4389356826,https://openalex.org/W4313577893
https://openalex.org/W4405931418,https://openalex.org/W4402630086
https://openalex.org/W4417525901,https://openalex.org/W3137144429
https://openalex.org/W4417525901,https://openalex.org/W4391953090
https://openalex.org/W4311434604,https://openalex.org/W4308512227
https://openalex.org/W4392503679,https://openalex.org/W4399800648
https://openalex.org/W3120311382,https://openalex.org/W3120311382
https://openalex.org/W4388797752,https://openalex.org/W4206050927
https://openalex.org/W4388797752,https://openalex.org/W4282841045
https://openalex.org/W4388797752,https://openalex.org/W4319791717
https://openalex.org/W4393158278,https://openalex.org/W4388460435
https://openalex.org/W4226483070,https://openalex.org/W3209468839
https://openalex.org/W4205419016,https://openalex.org/W3176852009
https://openalex.org/W4407048124,https://openalex.org/W4390344685
https://openalex.org/W4210310905,https://openalex.org/W3130566328
https://openalex.org/W4210310905,https://openalex.org/W3160643592
https://openalex.org/W4392251137,https://openalex.org/W3157065452
https://openalex.org/W4392251137,https://openalex.org/W3203428752
https://openalex.org/W4392251137,https://openalex.org/W4283750065
https://openalex.org/W4392251137,https://openalex.org/W4296619952
https://openalex.org/W4392251137,https://openalex.org/W4308174634
https://openalex.org/W4392251137,https://openalex.org/W4313898413
https://openalex.org/W4392251137,https://openalex.org/W4318052223
https://openalex.org/W4392251137,https://openalex.org/W4319335185
https://openalex.org/W4392251137,https://openalex.org/W4379107271
https://openalex.org/W4410859909,https://openalex.org/W4410859909
https://openalex.org/W4394753245,https://openalex.org/W3173000904
https://openalex.org/W4394753245,https://openalex.org/W4224241728
https://openalex.org/W4394753245,https://openalex.org/W4385264584
https://openalex.org/W4405920518,https://openalex.org/W4387871806
https://openalex.org/W4405920518,https://openalex.org/W4400279199
https://openalex.org/W7212194666,https://openalex.org/W4417196242
https://openalex.org/W4293331939,https://openalex.org/W4289755677
https://openalex.org/W4311358848,https://openalex.org/W4224126465
https://openalex.org/W4221140302,https://openalex.org/W3184943791
https://openalex.org/W4283825725,https://openalex.org/W4281700520
https://openalex.org/W4401803514,https://openalex.org/W3155276450
https://openalex.org/W4401803514,https://openalex.org/W3157375112
https://openalex.org/W4401803514,https://openalex.org/W3159111439
https://openalex.org/W4401803514,https://openalex.org/W4319000720
https://openalex.org/W4401803514,https://openalex.org/W4323567415
https://openalex.org/W7163536803,https://openalex.org/W3186932900
https://openalex.org/W4395010466,https://openalex.org/W4220804519
https://openalex.org/W4395010466,https://openalex.org/W4395010466
https://openalex.org/W4378801678,https://openalex.org/W4200168703
https://openalex.org/W4378801678,https://openalex.org/W4220723954
https://openalex.org/W4315630123,https://openalex.org/W3198609830
https://openalex.org/W4394615441,https://openalex.org/W3119664292
https://openalex.org/W4394615441,https://openalex.org/W4200266981
https://openalex.org/W3216734446,https://openalex.org/W3203760617
https://openalex.org/W4402596574,https://openalex.org/W4392721349
https://openalex.org/W4398151986,https://openalex.org/W4365795551
https://openalex.org/W4388725593,https://openalex.org/W4381309174
https://openalex.org/W7169550034,https://openalex.org/W4408662430
https://openalex.org/W7169550034,https://openalex.org/W4413430600
https://openalex.org/W4413760985,https://openalex.org/W3049631296
https://openalex.org/W4413760985,https://openalex.org/W3210328256
https://openalex.org/W4372354924,https://openalex.org/W3134195618
https://openalex.org/W4372354924,https://openalex.org/W3169520380
https://openalex.org/W4372354924,https://openalex.org/W3197485399
https://openalex.org/W4372354924,https://openalex.org/W4210437840
https://openalex.org/W4200563456,https://openalex.org/W3121026993
https://openalex.org/W4200563456,https://openalex.org/W3124543059
https://openalex.org/W4200563456,https://openalex.org/W3194709117
https://openalex.org/W4387118825,https://openalex.org/W4317568996
https://openalex.org/W4396854590,https://openalex.org/W4365135458
https://openalex.org/W4391273015,https://openalex.org/W2963002078
https://openalex.org/W4391273015,https://openalex.org/W3101000142
https://openalex.org/W4391273015,https://openalex.org/W3112618968
https://openalex.org/W4391273015,https://openalex.org/W3135045610
https://openalex.org/W4391273015,https://openalex.org/W3178960719
https://openalex.org/W4396914897,https://openalex.org/W4225317503
https://openalex.org/W4386785170,https://openalex.org/W4382400728
https://openalex.org/W4386785170,https://openalex.org/W4383620351
https://openalex.org/W4402297735,https://openalex.org/W4390329579
https://openalex.org/W7123845653,https://openalex.org/W4389668762
https://openalex.org/W4220908443,https://openalex.org/W3173747224
https://openalex.org/W4375860927,https://openalex.org/W4293258354
https://openalex.org/W4416202468,https://openalex.org/W4310648975
https://openalex.org/W7106042515,https://openalex.org/W4365211514
https://openalex.org/W7106042515,https://openalex.org/W4365211529
https://openalex.org/W7106042515,https://openalex.org/W4392120362
https://openalex.org/W7162803702,https://openalex.org/W3131624221
https://openalex.org/W7162803702,https://openalex.org/W4310829626
https://openalex.org/W7162803702,https://openalex.org/W4401211033
https://openalex.org/W4402119168,https://openalex.org/W3194947502
https://openalex.org/W4402119168,https://openalex.org/W4292454820
https://openalex.org/W4402119168,https://openalex.org/W4312245218
https://openalex.org/W7165782156,https://openalex.org/W4391724888
https://openalex.org/W7165782156,https://openalex.org/W7133307610
https://openalex.org/W7166547509,https://openalex.org/W4410912398
https://openalex.org/W7166547509,https://openalex.org/W4415495265
https://openalex.org/W4388035249,https://openalex.org/W3187769763
https://openalex.org/W4404122182,https://openalex.org/W4281786700
https://openalex.org/W4307897788,https://openalex.org/W3126627207
https://openalex.org/W4403790719,https://openalex.org/W4224243249
https://openalex.org/W4403790719,https://openalex.org/W4322632311
https://openalex.org/W4403790719,https://openalex.org/W4366087979
https://openalex.org/W4382680263,https://openalex.org/W3129426031
https://openalex.org/W4382680263,https://openalex.org/W3204199008
https://openalex.org/W7170147579,https://openalex.org/W4293569752
https://openalex.org/W3187479004,https://openalex.org/W3160436462
https://openalex.org/W3136970984,https://openalex.org/W3157214414
https://openalex.org/W4407252138,https://openalex.org/W4391734899
https://openalex.org/W4407252138,https://openalex.org/W4404487004
https://openalex.org/W4412725255,https://openalex.org/W4366977908
https://openalex.org/W4412725255,https://openalex.org/W4402625831
https://openalex.org/W3194924568,https://openalex.org/W3179569397
https://openalex.org/W7202207236,https://openalex.org/W4220984204
https://openalex.org/W4376108389,https://openalex.org/W3126192021
https://openalex.org/W4376108389,https://openalex.org/W3205927750
https://openalex.org/W4376108389,https://openalex.org/W4226142962
https://openalex.org/W4376108389,https://openalex.org/W4283034406
https://openalex.org/W4376108389,https://openalex.org/W4312090027
https://openalex.org/W4411992631,https://openalex.org/W4390910994
https://openalex.org/W4225894173,https://openalex.org/W3199315556
https://openalex.org/W4225894173,https://openalex.org/W4226455345
https://openalex.org/W4390545034,https://openalex.org/W4379015720
https://openalex.org/W4389685826,https://openalex.org/W4214592745
https://openalex.org/W4389685826,https://openalex.org/W4323817655
https://openalex.org/W4403947644,https://openalex.org/W3205345263
https://openalex.org/W7147744278,https://openalex.org/W4410451354
https://openalex.org/W4391427778,https://openalex.org/W4392459749
https://openalex.org/W4281826129,https://openalex.org/W3199261654
https://openalex.org/W4293198942,https://openalex.org/W3151244818
https://openalex.org/W4293198942,https://openalex.org/W3214163889
https://openalex.org/W4311922734,https://openalex.org/W4311303735
https://openalex.org/W4311922734,https://openalex.org/W4386572713
https://openalex.org/W4388901662,https://openalex.org/W3120784776
https://openalex.org/W4388901662,https://openalex.org/W3135010812
https://openalex.org/W4388901662,https://openalex.org/W4200157778
https://openalex.org/W4388901662,https://openalex.org/W4312645560
https://openalex.org/W4388901662,https://openalex.org/W4317743656
https://openalex.org/W4388901662,https://openalex.org/W4361853982
https://openalex.org/W4388901662,https://openalex.org/W4379878414
https://openalex.org/W4396516716,https://openalex.org/W4382561428
https://openalex.org/W4225644723,https://openalex.org/W3165564278
https://openalex.org/W7123348240,https://openalex.org/W4385242047
https://openalex.org/W7163141495,https://openalex.org/W3112618968
https://openalex.org/W7163141495,https://openalex.org/W3178960719
https://openalex.org/W7163141495,https://openalex.org/W4394905311
https://openalex.org/W7163141495,https://openalex.org/W4401649695
https://openalex.org/W3133329762,https://openalex.org/W3127802927
https://openalex.org/W4306292630,https://openalex.org/W4312280840
https://openalex.org/W7213326497,https://openalex.org/W3206812573
https://openalex.org/W7213326497,https://openalex.org/W3214399682
https://openalex.org/W7213326497,https://openalex.org/W4224241643
https://openalex.org/W7213326497,https://openalex.org/W4289518974
https://openalex.org/W7213326497,https://openalex.org/W4402599931
https://openalex.org/W4377233679,https://openalex.org/W3178664441
https://openalex.org/W4377233679,https://openalex.org/W4223970269
https://openalex.org/W4377233679,https://openalex.org/W4294884837
https://openalex.org/W4416225992,https://openalex.org/W4385247926
https://openalex.org/W7160204564,https://openalex.org/W4221002349
https://openalex.org/W4392385407,https://openalex.org/W3150057971
https://openalex.org/W7202262750,https://openalex.org/W4285048842
https://openalex.org/W7202262750,https://openalex.org/W4312198703
https://openalex.org/W7202262750,https://openalex.org/W4387427324
https://openalex.org/W7202262750,https://openalex.org/W4392123970
https://openalex.org/W7202262750,https://openalex.org/W4393859485
https://openalex.org/W7202262750,https://openalex.org/W4410464749
https://openalex.org/W4366606990,https://openalex.org/W4210321753
https://openalex.org/W4362521582,https://openalex.org/W4295308826
https://openalex.org/W7162412043,https://openalex.org/W4367282060
https://openalex.org/W7162412043,https://openalex.org/W4410027450
https://openalex.org/W7162412043,https://openalex.org/W4416961529
https://openalex.org/W4396707473,https://openalex.org/W4309550194
https://openalex.org/W4387953077,https://openalex.org/W3140242705
https://openalex.org/W4387953077,https://openalex.org/W3167316166
https://openalex.org/W4387953077,https://openalex.org/W4311001167
https://openalex.org/W4387953077,https://openalex.org/W4383821957
https://openalex.org/W4411343511,https://openalex.org/W4384524737
https://openalex.org/W4411343511,https://openalex.org/W4405177541
https://openalex.org/W4388086471,https://openalex.org/W4210612849
https://openalex.org/W4394978232,https://openalex.org/W4211034950
https://openalex.org/W4394978232,https://openalex.org/W4387393951
https://openalex.org/W4410379682,https://openalex.org/W4321782954
https://openalex.org/W4410379682,https://openalex.org/W4392544757
https://openalex.org/W4415377030,https://openalex.org/W4395456397
https://openalex.org/W4413452955,https://openalex.org/W3126627207
https://openalex.org/W4413452955,https://openalex.org/W3157698770
https://openalex.org/W4413452955,https://openalex.org/W4283793747
https://openalex.org/W4413452955,https://openalex.org/W4298126387
https://openalex.org/W4413452955,https://openalex.org/W4312094454
https://openalex.org/W4413452955,https://openalex.org/W4366134155
https://openalex.org/W4413452955,https://openalex.org/W4393356213
https://openalex.org/W4413452955,https://openalex.org/W4393385233
https://openalex.org/W4393157092,https://openalex.org/W4281781931
https://openalex.org/W4403809371,https://openalex.org/W4385892054
https://openalex.org/W4403809371,https://openalex.org/W2963002078
https://openalex.org/W4309570498,https://openalex.org/W3192694809
https://openalex.org/W4309570498,https://openalex.org/W3197028540
https://openalex.org/W3167461954,https://openalex.org/W3167461954
https://openalex.org/W4416961529,https://openalex.org/W4407316857
https://openalex.org/W4416961529,https://openalex.org/W4410027450
https://openalex.org/W4387663455,https://openalex.org/W3154461191
https://openalex.org/W4387663455,https://openalex.org/W3178664441
https://openalex.org/W4387663455,https://openalex.org/W4223970269
https://openalex.org/W4387663455,https://openalex.org/W4282928318
https://openalex.org/W4387663455,https://openalex.org/W4294884837
https://openalex.org/W4387663455,https://openalex.org/W4322754421
https://openalex.org/W4404480178,https://openalex.org/W3126619135
https://openalex.org/W4404480178,https://openalex.org/W4211226194
https://openalex.org/W4404480178,https://openalex.org/W4313554681
https://openalex.org/W4404480178,https://openalex.org/W4400386660
https://openalex.org/W4404480178,https://openalex.org/W4403756919
https://openalex.org/W4221055534,https://openalex.org/W3137127569
https://openalex.org/W4405725232,https://openalex.org/W4391474836
https://openalex.org/W4405725232,https://openalex.org/W4405725232
https://openalex.org/W4388904614,https://openalex.org/W4366178537
https://openalex.org/W4404919137,https://openalex.org/W4205447910
https://openalex.org/W4404919137,https://openalex.org/W4312684773
https://openalex.org/W4404919137,https://openalex.org/W4324342234
https://openalex.org/W3191420927,https://openalex.org/W2990187828
https://openalex.org/W4399812881,https://openalex.org/W4363678454
https://openalex.org/W4364355963,https://openalex.org/W3165635380
https://openalex.org/W4364355963,https://openalex.org/W3178440641
https://openalex.org/W4364355963,https://openalex.org/W4200366824
https://openalex.org/W4364355963,https://openalex.org/W4297887464
https://openalex.org/W3197033820,https://openalex.org/W3119738836
https://openalex.org/W3197033820,https://openalex.org/W3177246877
https://openalex.org/W4413532896,https://openalex.org/W4214622705
https://openalex.org/W4413532896,https://openalex.org/W4285024192
https://openalex.org/W4413532896,https://openalex.org/W4379534153
https://openalex.org/W4321434821,https://openalex.org/W3168940469
https://openalex.org/W4321434821,https://openalex.org/W3177500997
https://openalex.org/W4321434821,https://openalex.org/W4321434821
https://openalex.org/W4391404518,https://openalex.org/W3153905165
https://openalex.org/W4391404518,https://openalex.org/W4381893380
https://openalex.org/W4386694050,https://openalex.org/W3137011944
https://openalex.org/W4386694050,https://openalex.org/W4224294769
https://openalex.org/W4387297098,https://openalex.org/W4383752491
https://openalex.org/W4379647495,https://openalex.org/W4223451023
https://openalex.org/W4391239480,https://openalex.org/W4391239480
https://openalex.org/W4409094395,https://openalex.org/W4225166092
https://openalex.org/W4409094395,https://openalex.org/W4385971643
https://openalex.org/W3195358214,https://openalex.org/W3139798200
https://openalex.org/W4392345977,https://openalex.org/W4289110521
https://openalex.org/W4392345977,https://openalex.org/W4321004044
https://openalex.org/W4392345977,https://openalex.org/W4392346086
https://openalex.org/W4392345977,https://openalex.org/W4402434794
https://openalex.org/W4394877531,https://openalex.org/W4388421252
https://openalex.org/W4410396087,https://openalex.org/W4286630264
https://openalex.org/W4410396087,https://openalex.org/W4367627324
https://openalex.org/W4410396087,https://openalex.org/W4382344315
https://openalex.org/W4380872137,https://openalex.org/W3203881937
https://openalex.org/W4309263979,https://openalex.org/W3130114594
https://openalex.org/W4224871269,https://openalex.org/W3163541922
https://openalex.org/W4224871269,https://openalex.org/W3208533639
https://openalex.org/W4391506661,https://openalex.org/W3134615649
https://openalex.org/W4391506661,https://openalex.org/W4306688040
https://openalex.org/W7171790480,https://openalex.org/W4414477158
https://openalex.org/W4392816471,https://openalex.org/W3211762520
https://openalex.org/W4392816471,https://openalex.org/W4220864360
https://openalex.org/W4392816471,https://openalex.org/W4303021939
https://openalex.org/W4392816471,https://openalex.org/W4323294709
https://openalex.org/W4392816471,https://openalex.org/W4385490657
https://openalex.org/W4392816471,https://openalex.org/W4387529101
https://openalex.org/W4400115825,https://openalex.org/W4400115825
https://openalex.org/W3200247082,https://openalex.org/W3166981941
https://openalex.org/W4416138593,https://openalex.org/W4389505461
https://openalex.org/W4385241928,https://openalex.org/W3118821465
https://openalex.org/W4385241928,https://openalex.org/W3135083166
https://openalex.org/W4385241928,https://openalex.org/W4210416610
https://openalex.org/W4385241928,https://openalex.org/W4306176727
https://openalex.org/W4317924159,https://openalex.org/W3167321938
https://openalex.org/W4385241915,https://openalex.org/W3173592414
https://openalex.org/W4372054953,https://openalex.org/W4200303272
https://openalex.org/W4241591350,https://openalex.org/W3157093756
https://openalex.org/W4241591350,https://openalex.org/W3158469772
https://openalex.org/W4206583987,https://openalex.org/W3177751482
https://openalex.org/W7135012392,https://openalex.org/W4400356766
https://openalex.org/W7165761458,https://openalex.org/W3172592264
https://openalex.org/W7171683592,https://openalex.org/W3198369507
https://openalex.org/W4405723759,https://openalex.org/W3156823378
https://openalex.org/W4405723759,https://openalex.org/W3181777454
https://openalex.org/W4405723759,https://openalex.org/W4223451023
https://openalex.org/W4405723759,https://openalex.org/W4313366978
https://openalex.org/W4405723759,https://openalex.org/W4387900153
https://openalex.org/W4405723759,https://openalex.org/W4390038374
https://openalex.org/W4405723759,https://openalex.org/W4391754907
https://openalex.org/W4410051904,https://openalex.org/W4390904285
https://openalex.org/W4391225170,https://openalex.org/W4316464032
https://openalex.org/W7155218645,https://openalex.org/W4410250330
https://openalex.org/W4391953090,https://openalex.org/W3137144429
https://openalex.org/W4391953090,https://openalex.org/W4313314322
https://openalex.org/W7140142105,https://openalex.org/W3208220618
https://openalex.org/W7140142105,https://openalex.org/W4376615435
https://openalex.org/W4408551385,https://openalex.org/W4285802872
https://openalex.org/W4408551385,https://openalex.org/W4362677161
https://openalex.org/W4361297217,https://openalex.org/W4285726659
https://openalex.org/W4412491642,https://openalex.org/W3155818854
https://openalex.org/W4412491642,https://openalex.org/W3173520655
https://openalex.org/W4412491642,https://openalex.org/W4323687959
https://openalex.org/W4412491642,https://openalex.org/W4407170761
https://openalex.org/W4379259674,https://openalex.org/W3120784776
https://openalex.org/W4379259674,https://openalex.org/W3135010812
https://openalex.org/W4379259674,https://openalex.org/W3185570302
https://openalex.org/W4379259674,https://openalex.org/W3192315097
https://openalex.org/W4379259674,https://openalex.org/W3193854025
https://openalex.org/W4379259674,https://openalex.org/W3194052897
https://openalex.org/W4379259674,https://openalex.org/W4365800719
https://openalex.org/W7161575604,https://openalex.org/W7124141422
https://openalex.org/W4406984240,https://openalex.org/W4206685611
https://openalex.org/W7163541855,https://openalex.org/W3120784776
https://openalex.org/W7163541855,https://openalex.org/W4385453616
https://openalex.org/W7163541855,https://openalex.org/W4386159341
https://openalex.org/W7163541855,https://openalex.org/W4390230735
https://openalex.org/W4407260601,https://openalex.org/W3217410305
https://openalex.org/W4407260601,https://openalex.org/W4323981181
https://openalex.org/W4410596790,https://openalex.org/W4406715464
https://openalex.org/W4410596790,https://openalex.org/W4408812568
https://openalex.org/W4410596790,https://openalex.org/W4410189281
https://openalex.org/W3162490422,https://openalex.org/W3162490422
https://openalex.org/W4404522247,https://openalex.org/W3168940469
https://openalex.org/W4404522247,https://openalex.org/W3177500997
https://openalex.org/W4313244926,https://openalex.org/W3143807503
https://openalex.org/W4313244926,https://openalex.org/W4286471083
https://openalex.org/W4399347324,https://openalex.org/W4294974911
https://openalex.org/W3156862725,https://openalex.org/W3112072919
https://openalex.org/W4410014664,https://openalex.org/W3211762520
https://openalex.org/W4410014664,https://openalex.org/W4319442556
https://openalex.org/W4410014664,https://openalex.org/W4392517487
https://openalex.org/W4387737164,https://openalex.org/W4200337629
https://openalex.org/W4282007552,https://openalex.org/W3207791258
https://openalex.org/W4282007552,https://openalex.org/W4220665899
https://openalex.org/W3169187608,https://openalex.org/W4285262755
https://openalex.org/W4413283963,https://openalex.org/W4323543673
https://openalex.org/W7164176556,https://openalex.org/W4206676784
https://openalex.org/W4396918914,https://openalex.org/W4309651778
https://openalex.org/W4396918914,https://openalex.org/W4309651832
https://openalex.org/W4396918914,https://openalex.org/W4387848751
https://openalex.org/W4393973765,https://openalex.org/W3121709350
https://openalex.org/W4393973765,https://openalex.org/W3155806984
https://openalex.org/W4393973765,https://openalex.org/W3156446579
https://openalex.org/W4393973765,https://openalex.org/W4223438099
https://openalex.org/W4402306562,https://openalex.org/W2963002078
https://openalex.org/W4402306562,https://openalex.org/W3120569425
https://openalex.org/W4402306562,https://openalex.org/W4401211033
https://openalex.org/W4411793800,https://openalex.org/W4311679888
https://openalex.org/W4411793800,https://openalex.org/W4361304792
https://openalex.org/W4411793800,https://openalex.org/W4403982848
https://openalex.org/W7138926606,https://openalex.org/W4284991619
https://openalex.org/W7138926606,https://openalex.org/W4323309329
https://openalex.org/W7138926606,https://openalex.org/W4410282958
https://openalex.org/W4385495897,https://openalex.org/W3122059388
https://openalex.org/W4385495897,https://openalex.org/W3192903008
https://openalex.org/W4385495897,https://openalex.org/W4206974933
https://openalex.org/W4392742350,https://openalex.org/W4283779953
https://openalex.org/W4411107261,https://openalex.org/W4296564669
https://openalex.org/W4413074987,https://openalex.org/W4391899333
https://openalex.org/W4413074987,https://openalex.org/W4404180856
https://openalex.org/W4385347478,https://openalex.org/W4322718802
https://openalex.org/W4414105126,https://openalex.org/W4410983683
https://openalex.org/W3178111169,https://openalex.org/W3118554780
https://openalex.org/W4312589922,https://openalex.org/W4367627324
https://openalex.org/W4361293020,https://openalex.org/W3136337089
https://openalex.org/W4361293020,https://openalex.org/W3206401170
https://openalex.org/W4413270285,https://openalex.org/W4206706609
https://openalex.org/W4413270285,https://openalex.org/W4297198186
https://openalex.org/W4413270285,https://openalex.org/W4399222655
https://openalex.org/W4406913891,https://openalex.org/W3167174569
https://openalex.org/W4406913891,https://openalex.org/W4327978323
https://openalex.org/W4391909555,https://openalex.org/W4226211557
https://openalex.org/W4411928705,https://openalex.org/W4286675828
https://openalex.org/W4322491964,https://openalex.org/W3140674682
https://openalex.org/W4307171451,https://openalex.org/W3164892751
https://openalex.org/W4307171451,https://openalex.org/W4283793747
https://openalex.org/W4406215985,https://openalex.org/W4400767200
https://openalex.org/W4406215985,https://openalex.org/W4401306065
https://openalex.org/W4380422482,https://openalex.org/W3119515864
https://openalex.org/W3216074857,https://openalex.org/W3152004454
https://openalex.org/W3216074857,https://openalex.org/W3167739453
https://openalex.org/W3157214414,https://openalex.org/W3134514053
https://openalex.org/W4410850958,https://openalex.org/W3174184361
https://openalex.org/W4410850958,https://openalex.org/W4394006486
https://openalex.org/W4292493671,https://openalex.org/W4221062318
https://openalex.org/W4407078409,https://openalex.org/W3118196774
https://openalex.org/W4407078409,https://openalex.org/W3118875409
https://openalex.org/W4407078409,https://openalex.org/W3119664292
https://openalex.org/W4407078409,https://openalex.org/W3157065452
https://openalex.org/W4407078409,https://openalex.org/W3193223779
https://openalex.org/W4407078409,https://openalex.org/W3203428752
https://openalex.org/W4407078409,https://openalex.org/W4282007552
https://openalex.org/W4407078409,https://openalex.org/W4283750065
https://openalex.org/W4407078409,https://openalex.org/W4288368491
https://openalex.org/W4407078409,https://openalex.org/W4318052223
https://openalex.org/W4407078409,https://openalex.org/W4319336372
https://openalex.org/W4407078409,https://openalex.org/W4376225771
https://openalex.org/W4407078409,https://openalex.org/W4379107271
https://openalex.org/W4400350670,https://openalex.org/W3133526164
https://openalex.org/W4400350670,https://openalex.org/W3194052897
https://openalex.org/W4400350670,https://openalex.org/W4210731194
https://openalex.org/W4400350670,https://openalex.org/W4213289503
https://openalex.org/W4400350670,https://openalex.org/W4379878414
https://openalex.org/W4400350670,https://openalex.org/W4385453616
https://openalex.org/W4400350670,https://openalex.org/W4391807435
https://openalex.org/W4397018998,https://openalex.org/W3163769242
https://openalex.org/W4391743378,https://openalex.org/W4224871269
https://openalex.org/W4391743378,https://openalex.org/W4389672717
https://openalex.org/W4416187713,https://openalex.org/W3137144429
https://openalex.org/W4416187713,https://openalex.org/W4313314322
https://openalex.org/W4416187713,https://openalex.org/W4386251190
https://openalex.org/W4416187713,https://openalex.org/W4391953090
https://openalex.org/W4416187713,https://openalex.org/W4405941268
https://openalex.org/W4416187713,https://openalex.org/W4410611172
https://openalex.org/W4318817191,https://openalex.org/W3199178639
https://openalex.org/W3216448172,https://openalex.org/W3101000142
https://openalex.org/W3216448172,https://openalex.org/W3151563147
https://openalex.org/W3216448172,https://openalex.org/W3178960719
https://openalex.org/W4386967844,https://openalex.org/W3197950969
https://openalex.org/W4386967844,https://openalex.org/W4286784900
https://openalex.org/W4399226339,https://openalex.org/W3127434288
https://openalex.org/W4405012107,https://openalex.org/W4220773380
https://openalex.org/W4293254878,https://openalex.org/W3200399849
https://openalex.org/W4293254878,https://openalex.org/W3204258010
https://openalex.org/W4310829626,https://openalex.org/W2963002078
https://openalex.org/W4310829626,https://openalex.org/W3112618968
https://openalex.org/W4310829626,https://openalex.org/W3178960719
https://openalex.org/W4206055331,https://openalex.org/W3125018023
https://openalex.org/W4206055331,https://openalex.org/W3154775884
https://openalex.org/W4416714605,https://openalex.org/W3189146675
https://openalex.org/W4416714605,https://openalex.org/W4221000458
https://openalex.org/W4416714605,https://openalex.org/W4389664897
https://openalex.org/W4296527340,https://openalex.org/W3153102876
https://openalex.org/W4402469017,https://openalex.org/W4322505753
https://openalex.org/W4312067237,https://openalex.org/W4286203437
https://openalex.org/W4312067237,https://openalex.org/W4310528218
https://openalex.org/W4282598871,https://openalex.org/W3126497498
https://openalex.org/W4282598871,https://openalex.org/W4282598871
https://openalex.org/W4417230762,https://openalex.org/W4401710498
https://openalex.org/W7118019204,https://openalex.org/W4297902861
https://openalex.org/W7118019204,https://openalex.org/W4307571959
https://openalex.org/W7118019204,https://openalex.org/W4309832335
https://openalex.org/W7118019204,https://openalex.org/W4390750536
https://openalex.org/W7118019204,https://openalex.org/W4392594000
https://openalex.org/W4386156938,https://openalex.org/W4297374041
https://openalex.org/W4390416467,https://openalex.org/W3184943791
https://openalex.org/W4390416467,https://openalex.org/W4221140302
https://openalex.org/W4390416467,https://openalex.org/W4310521337
https://openalex.org/W4390416467,https://openalex.org/W4367282060
https://openalex.org/W4390416467,https://openalex.org/W4378843082
https://openalex.org/W4390416467,https://openalex.org/W4386260189
https://openalex.org/W4390416467,https://openalex.org/W4386260274
https://openalex.org/W4414324785,https://openalex.org/W3186903825
https://openalex.org/W4414324785,https://openalex.org/W4399201444
https://openalex.org/W4414324785,https://openalex.org/W4401608157
https://openalex.org/W4404871521,https://openalex.org/W3196907066
https://openalex.org/W4404871521,https://openalex.org/W4401216144
https://openalex.org/W4288769046,https://openalex.org/W4213117274
https://openalex.org/W4313240890,https://openalex.org/W3124160134
https://openalex.org/W4313240890,https://openalex.org/W3138990775
https://openalex.org/W4313240890,https://openalex.org/W3198335193
https://openalex.org/W4313240890,https://openalex.org/W4283015625
https://openalex.org/W4313240890,https://openalex.org/W4283368337
https://openalex.org/W4409866503,https://openalex.org/W4403093052
https://openalex.org/W7166070153,https://openalex.org/W4412630186
https://openalex.org/W4400615481,https://openalex.org/W4328098760
https://openalex.org/W3146246868,https://openalex.org/W2966129118
https://openalex.org/W3146246868,https://openalex.org/W3207058083
https://openalex.org/W4400212218,https://openalex.org/W4400770621
https://openalex.org/W7127148535,https://openalex.org/W3167554581
https://openalex.org/W7127148535,https://openalex.org/W4392059253
https://openalex.org/W7127148535,https://openalex.org/W4410992269
https://openalex.org/W7127148535,https://openalex.org/W4416420059
https://openalex.org/W4413055893,https://openalex.org/W3126192021
https://openalex.org/W4413055893,https://openalex.org/W4283034406
https://openalex.org/W4413055893,https://openalex.org/W4386376506
https://openalex.org/W4413055893,https://openalex.org/W4387805023
https://openalex.org/W4413055893,https://openalex.org/W4389387350
https://openalex.org/W4413055893,https://openalex.org/W4399515761
https://openalex.org/W4413055893,https://openalex.org/W4402194663
https://openalex.org/W4413055893,https://openalex.org/W4405177765
https://openalex.org/W4413055893,https://openalex.org/W4406184875
https://openalex.org/W4413055893,https://openalex.org/W4410190959
https://openalex.org/W4413055893,https://openalex.org/W4410358225
https://openalex.org/W4391464187,https://openalex.org/W4284699798
https://openalex.org/W4384696814,https://openalex.org/W3139542841
https://openalex.org/W4384696814,https://openalex.org/W3156546236
https://openalex.org/W4384696814,https://openalex.org/W3187630655
https://openalex.org/W4384696814,https://openalex.org/W3194023449
https://openalex.org/W4384696814,https://openalex.org/W4280532161
https://openalex.org/W4384696814,https://openalex.org/W4289835801
https://openalex.org/W4317651644,https://openalex.org/W4223448210
https://openalex.org/W4317651644,https://openalex.org/W4290058854
https://openalex.org/W4400954047,https://openalex.org/W3180109764
https://openalex.org/W3200232972,https://openalex.org/W3187769763
https://openalex.org/W4214816946,https://openalex.org/W3205470954
https://openalex.org/W4411430032,https://openalex.org/W4405576014
https://openalex.org/W7148895349,https://openalex.org/W4296365434
https://openalex.org/W7148895349,https://openalex.org/W4390673656
https://openalex.org/W4365452299,https://openalex.org/W3155276450
https://openalex.org/W4393167418,https://openalex.org/W4393167418
https://openalex.org/W4402145384,https://openalex.org/W3205515341
https://openalex.org/W4404223503,https://openalex.org/W3101571101
https://openalex.org/W4404223503,https://openalex.org/W3112618968
https://openalex.org/W4404223503,https://openalex.org/W3178960719
https://openalex.org/W4404223503,https://openalex.org/W4401211033
https://openalex.org/W4211075070,https://openalex.org/W4211075070
https://openalex.org/W3129579651,https://openalex.org/W3127584525
https://openalex.org/W7133508949,https://openalex.org/W4393184084
https://openalex.org/W4282931237,https://openalex.org/W3155818854
https://openalex.org/W4408349198,https://openalex.org/W3200154406
https://openalex.org/W4408349198,https://openalex.org/W4304996631
https://openalex.org/W4408349198,https://openalex.org/W4365563289
https://openalex.org/W4408349198,https://openalex.org/W4376629381
https://openalex.org/W3011963733,https://openalex.org/W3043992555
https://openalex.org/W4416192904,https://openalex.org/W4415430707
https://openalex.org/W4312621827,https://openalex.org/W3188354222
https://openalex.org/W4414318867,https://openalex.org/W4400009152
https://openalex.org/W4402330653,https://openalex.org/W4207077072
https://openalex.org/W4402330653,https://openalex.org/W4281951565
https://openalex.org/W4402330653,https://openalex.org/W4386725785
https://openalex.org/W4385678933,https://openalex.org/W3123457864
https://openalex.org/W4385678933,https://openalex.org/W3126103036
https://openalex.org/W4385678933,https://openalex.org/W3181637804
https://openalex.org/W4385678933,https://openalex.org/W3213480517
https://openalex.org/W4385678933,https://openalex.org/W4206252266
https://openalex.org/W7160094543,https://openalex.org/W4406721748
https://openalex.org/W7160094543,https://openalex.org/W4413198104
https://openalex.org/W4414059101,https://openalex.org/W3174443133
https://openalex.org/W4414059101,https://openalex.org/W3194288529
https://openalex.org/W4414059101,https://openalex.org/W4377692528
https://openalex.org/W3195365972,https://openalex.org/W3195365972
https://openalex.org/W4402192292,https://openalex.org/W3198535020
https://openalex.org/W4402192292,https://openalex.org/W4229002009
https://openalex.org/W4402192292,https://openalex.org/W4386884537
https://openalex.org/W4402192292,https://openalex.org/W4394674902
https://openalex.org/W4399102502,https://openalex.org/W3138730729
https://openalex.org/W4399102502,https://openalex.org/W3187769763
https://openalex.org/W4399102502,https://openalex.org/W3213282821
https://openalex.org/W4399102502,https://openalex.org/W4210857417
https://openalex.org/W4399102502,https://openalex.org/W4210935844
https://openalex.org/W4399102502,https://openalex.org/W4309720103
https://openalex.org/W4399102502,https://openalex.org/W4366993059
https://openalex.org/W4399102502,https://openalex.org/W4386501947
https://openalex.org/W4399102502,https://openalex.org/W4391514345
https://openalex.org/W4399102502,https://openalex.org/W4399238927
https://openalex.org/W4399102502,https://openalex.org/W4399238930
https://openalex.org/W4294199425,https://openalex.org/W3137942294
https://openalex.org/W4385740330,https://openalex.org/W4224067426
https://openalex.org/W4385740330,https://openalex.org/W4361215213
https://openalex.org/W4385740330,https://openalex.org/W4377233679
https://openalex.org/W4322490051,https://openalex.org/W4322490051
https://openalex.org/W3195976229,https://openalex.org/W3195976229
https://openalex.org/W7166862323,https://openalex.org/W4402349565
https://openalex.org/W7125607310,https://openalex.org/W4408007384
https://openalex.org/W7125607310,https://openalex.org/W4413780535
https://openalex.org/W4214605574,https://openalex.org/W3183329356
https://openalex.org/W7117581759,https://openalex.org/W4284693861
https://openalex.org/W7117581759,https://openalex.org/W4397041465
https://openalex.org/W7117581759,https://openalex.org/W4406250663
https://openalex.org/W7117581759,https://openalex.org/W4409281687
https://openalex.org/W4405911594,https://openalex.org/W3187100460
https://openalex.org/W4405911594,https://openalex.org/W3189199117
https://openalex.org/W4405911594,https://openalex.org/W4210693348
https://openalex.org/W4405911594,https://openalex.org/W4312198703
https://openalex.org/W4405911594,https://openalex.org/W4390936256
https://openalex.org/W4417268437,https://openalex.org/W4293569752
https://openalex.org/W4379877632,https://openalex.org/W3191374513
https://openalex.org/W4379877632,https://openalex.org/W4297513149
https://openalex.org/W4377820641,https://openalex.org/W4286620286
https://openalex.org/W4412968454,https://openalex.org/W3201331982
https://openalex.org/W4412968454,https://openalex.org/W3207010260
https://openalex.org/W4412968454,https://openalex.org/W4285085129
https://openalex.org/W4412968454,https://openalex.org/W4307565043
https://openalex.org/W4412968454,https://openalex.org/W4393066355
https://openalex.org/W7171560970,https://openalex.org/W4381884443
https://openalex.org/W7171560970,https://openalex.org/W4410837346
https://openalex.org/W7171895186,https://openalex.org/W4291536270
https://openalex.org/W7171895186,https://openalex.org/W4317779826
https://openalex.org/W7171895186,https://openalex.org/W4398141730
https://openalex.org/W7171895186,https://openalex.org/W7124747242
https://openalex.org/W4283738493,https://openalex.org/W3198781757
https://openalex.org/W3193551011,https://openalex.org/W3112618968
https://openalex.org/W3193551011,https://openalex.org/W3179854520
https://openalex.org/W4387529101,https://openalex.org/W3211762520
https://openalex.org/W4387529101,https://openalex.org/W4220864360
https://openalex.org/W4387529101,https://openalex.org/W4303021939
https://openalex.org/W4387529101,https://openalex.org/W4312157401
https://openalex.org/W4387529101,https://openalex.org/W4323294709
https://openalex.org/W4366087979,https://openalex.org/W4224243249
https://openalex.org/W4366087979,https://openalex.org/W4322632311
https://openalex.org/W4318815882,https://openalex.org/W3152494665
https://openalex.org/W4388300805,https://openalex.org/W4206580096
https://openalex.org/W4395691028,https://openalex.org/W3217807122
https://openalex.org/W4384698654,https://openalex.org/W4220739262
https://openalex.org/W4384698654,https://openalex.org/W4316660448
https://openalex.org/W4404460184,https://openalex.org/W3196297894
https://openalex.org/W4226379779,https://openalex.org/W2990187828
https://openalex.org/W4226379779,https://openalex.org/W3191420927
https://openalex.org/W4380325081,https://openalex.org/W3119738836
https://openalex.org/W4380325081,https://openalex.org/W3147893367
https://openalex.org/W4380325081,https://openalex.org/W3177246877
https://openalex.org/W4380325081,https://openalex.org/W3194373380
https://openalex.org/W4380325081,https://openalex.org/W3197033820
https://openalex.org/W4237130064,https://openalex.org/W4252097634
https://openalex.org/W4414116949,https://openalex.org/W4289519362
https://openalex.org/W4414116949,https://openalex.org/W4312645560
https://openalex.org/W4414116949,https://openalex.org/W4386159341
https://openalex.org/W4414116949,https://openalex.org/W4404110792
https://openalex.org/W4281259703,https://openalex.org/W3178665385
https://openalex.org/W4396577183,https://openalex.org/W4285794562
https://openalex.org/W4410155402,https://openalex.org/W3155955096
https://openalex.org/W4410155402,https://openalex.org/W4298393739
https://openalex.org/W4392123423,https://openalex.org/W3209814434
https://openalex.org/W4392123423,https://openalex.org/W4223541099
https://openalex.org/W4392123423,https://openalex.org/W4377041638
https://openalex.org/W4400280232,https://openalex.org/W4304890566
https://openalex.org/W4400280232,https://openalex.org/W4385301383
https://openalex.org/W4408612604,https://openalex.org/W4386546307
https://openalex.org/W3212635500,https://openalex.org/W3108723356
https://openalex.org/W3212635500,https://openalex.org/W3134040239
https://openalex.org/W4390967332,https://openalex.org/W3131569705
https://openalex.org/W4390967332,https://openalex.org/W4205711751
https://openalex.org/W4390967332,https://openalex.org/W4308798400
https://openalex.org/W4390967332,https://openalex.org/W4309847903
https://openalex.org/W4390967332,https://openalex.org/W4366366407
https://openalex.org/W4390967332,https://openalex.org/W4380870457
https://openalex.org/W4221111357,https://openalex.org/W3194771952
https://openalex.org/W4221111357,https://openalex.org/W4214738659
https://openalex.org/W4411498032,https://openalex.org/W4226061814
https://openalex.org/W7157976239,https://openalex.org/W3118432150
https://openalex.org/W7157976239,https://openalex.org/W4214898670
https://openalex.org/W7157976239,https://openalex.org/W4403154402
https://openalex.org/W7157976239,https://openalex.org/W4407376848
https://openalex.org/W7157976239,https://openalex.org/W4413889407
https://openalex.org/W4292092839,https://openalex.org/W4232237566
https://openalex.org/W7127593604,https://openalex.org/W4410358412
https://openalex.org/W4404741399,https://openalex.org/W3192056410
https://openalex.org/W4404790179,https://openalex.org/W4308489280
https://openalex.org/W4404790179,https://openalex.org/W4399203667
https://openalex.org/W4408528606,https://openalex.org/W4381624353
https://openalex.org/W4403191104,https://openalex.org/W3175434968
https://openalex.org/W4403191104,https://openalex.org/W4312179061
https://openalex.org/W4379877368,https://openalex.org/W3120143721
https://openalex.org/W4379877368,https://openalex.org/W3184809739
https://openalex.org/W4379877368,https://openalex.org/W4206629192
https://openalex.org/W7204160728,https://openalex.org/W4410350050
https://openalex.org/W4410628515,https://openalex.org/W4406213960
https://openalex.org/W4403971328,https://openalex.org/W3134615649
https://openalex.org/W4403971328,https://openalex.org/W4306688040
https://openalex.org/W4403971328,https://openalex.org/W4385721493
https://openalex.org/W4403971328,https://openalex.org/W4391577922
https://openalex.org/W4403971328,https://openalex.org/W4392124645
https://openalex.org/W4403971328,https://openalex.org/W4399216622
https://openalex.org/W4226306364,https://openalex.org/W3151244818
https://openalex.org/W4226306364,https://openalex.org/W3209134806
https://openalex.org/W4226306364,https://openalex.org/W3214157598
https://openalex.org/W4226306364,https://openalex.org/W4200171432
https://openalex.org/W4366090499,https://openalex.org/W3210040080
https://openalex.org/W4366090499,https://openalex.org/W4321649583
https://openalex.org/W4317500703,https://openalex.org/W3178960719
https://openalex.org/W4317500703,https://openalex.org/W4220924807
https://openalex.org/W4409874259,https://openalex.org/W4399210536
https://openalex.org/W4308650839,https://openalex.org/W4313017280
https://openalex.org/W4385216013,https://openalex.org/W4286587775
https://openalex.org/W4415608404,https://openalex.org/W3119224404
https://openalex.org/W4415608404,https://openalex.org/W4402138245
https://openalex.org/W4415608404,https://openalex.org/W4406846212
https://openalex.org/W4283271016,https://openalex.org/W3124543059
https://openalex.org/W4283271016,https://openalex.org/W3205383708
https://openalex.org/W7162126681,https://openalex.org/W4382919227
https://openalex.org/W7162126681,https://openalex.org/W4401960967
https://openalex.org/W4410860914,https://openalex.org/W4405726218
https://openalex.org/W4407058775,https://openalex.org/W4284893604
https://openalex.org/W4407058775,https://openalex.org/W4386495722
https://openalex.org/W4411036215,https://openalex.org/W4392506286
https://openalex.org/W4411036215,https://openalex.org/W4408559909
https://openalex.org/W7126024813,https://openalex.org/W4408559909
https://openalex.org/W4412110127,https://openalex.org/W4391809604
https://openalex.org/W4412110127,https://openalex.org/W4409280206
https://openalex.org/W4412110127,https://openalex.org/W4410986313
https://openalex.org/W4307136120,https://openalex.org/W3174375172
https://openalex.org/W4223414483,https://openalex.org/W3199322743
https://openalex.org/W4223414483,https://openalex.org/W4223414483
https://openalex.org/W3188880120,https://openalex.org/W3169889545
https://openalex.org/W4381235984,https://openalex.org/W3163040606
https://openalex.org/W4381235984,https://openalex.org/W3194771952
https://openalex.org/W4381235984,https://openalex.org/W3195453340
https://openalex.org/W4381235984,https://openalex.org/W4310785819
https://openalex.org/W4386133903,https://openalex.org/W3185120546
https://openalex.org/W4386133903,https://openalex.org/W4311019977
https://openalex.org/W7212553244,https://openalex.org/W4412876917
https://openalex.org/W7212553244,https://openalex.org/W4416016756
https://openalex.org/W4213082080,https://openalex.org/W3167768535
https://openalex.org/W4400866609,https://openalex.org/W3140946044
https://openalex.org/W4285088328,https://openalex.org/W3135240842
https://openalex.org/W4285088328,https://openalex.org/W3206141667
https://openalex.org/W4285088328,https://openalex.org/W4285088328
https://openalex.org/W4409471506,https://openalex.org/W4292998972
https://openalex.org/W4409471506,https://openalex.org/W4313294959
https://openalex.org/W4315619403,https://openalex.org/W4285048842
https://openalex.org/W4315619403,https://openalex.org/W4312198703
https://openalex.org/W4411604670,https://openalex.org/W3131592423
https://openalex.org/W7161598895,https://openalex.org/W3152707777
https://openalex.org/W7161598895,https://openalex.org/W3164475920
https://openalex.org/W4214863464,https://openalex.org/W3133329762
https://openalex.org/W4214863464,https://openalex.org/W3134195618
https://openalex.org/W4214863464,https://openalex.org/W3169520380
https://openalex.org/W4286111620,https://openalex.org/W3135747102
https://openalex.org/W4286111620,https://openalex.org/W4286111620
https://openalex.org/W7154936410,https://openalex.org/W4388529225
https://openalex.org/W4410096194,https://openalex.org/W4402676823
https://openalex.org/W4399485326,https://openalex.org/W3214927936
https://openalex.org/W4399485326,https://openalex.org/W4386159486
https://openalex.org/W4399485326,https://openalex.org/W4386160259
https://openalex.org/W3210328256,https://openalex.org/W3049631296
https://openalex.org/W4402437194,https://openalex.org/W4386648656
https://openalex.org/W4307033348,https://openalex.org/W3127676697
https://openalex.org/W4405695320,https://openalex.org/W4400722469
https://openalex.org/W4378843163,https://openalex.org/W4310449823
https://openalex.org/W4393949977,https://openalex.org/W4280637657
https://openalex.org/W4393949977,https://openalex.org/W4281779019
https://openalex.org/W4393949977,https://openalex.org/W4286504946
https://openalex.org/W4393949977,https://openalex.org/W4365448131
https://openalex.org/W4409126568,https://openalex.org/W4296182480
https://openalex.org/W4410390476,https://openalex.org/W3159491787
https://openalex.org/W7134056651,https://openalex.org/W4284893902
https://openalex.org/W7134056651,https://openalex.org/W4413035507
https://openalex.org/W4404221552,https://openalex.org/W3166553362
https://openalex.org/W4404221552,https://openalex.org/W3195285363
https://openalex.org/W4404221552,https://openalex.org/W4283750700
https://openalex.org/W4404221552,https://openalex.org/W4296711220
https://openalex.org/W4404221552,https://openalex.org/W4304996631
https://openalex.org/W4404221552,https://openalex.org/W4376629381
https://openalex.org/W4398141730,https://openalex.org/W4291536270
https://openalex.org/W4415965951,https://openalex.org/W4413043890
https://openalex.org/W4390750536,https://openalex.org/W4200483565
https://openalex.org/W4390750536,https://openalex.org/W4297902861
https://openalex.org/W4220752070,https://openalex.org/W3202490030
https://openalex.org/W4406587504,https://openalex.org/W3214198043
https://openalex.org/W4406587504,https://openalex.org/W4301180901
https://openalex.org/W4406587504,https://openalex.org/W4387728681
https://openalex.org/W4401014501,https://openalex.org/W4399201444
https://openalex.org/W4392086789,https://openalex.org/W3134195618
https://openalex.org/W4392086789,https://openalex.org/W4281767172
https://openalex.org/W4392086789,https://openalex.org/W4311419502
https://openalex.org/W4392086789,https://openalex.org/W4372354924
https://openalex.org/W4221148127,https://openalex.org/W3118467713
https://openalex.org/W4221148127,https://openalex.org/W3122059388
https://openalex.org/W4221148127,https://openalex.org/W3216098551
https://openalex.org/W4221148127,https://openalex.org/W4221078539
https://openalex.org/W4386935154,https://openalex.org/W4321603867
https://openalex.org/W7168147436,https://openalex.org/W4383876504
https://openalex.org/W7168147436,https://openalex.org/W7125976487
https://openalex.org/W4321649583,https://openalex.org/W3210040080
https://openalex.org/W4321649583,https://openalex.org/W4366090499
https://openalex.org/W4416199116,https://openalex.org/W4313680195
https://openalex.org/W4416199116,https://openalex.org/W4388108488
https://openalex.org/W4416199116,https://openalex.org/W4405755165
https://openalex.org/W4416199116,https://openalex.org/W4405755896
https://openalex.org/W4317951184,https://openalex.org/W3129523566
https://openalex.org/W4214624088,https://openalex.org/W3181388921
https://openalex.org/W4214624088,https://openalex.org/W4200080921
https://openalex.org/W3212727942,https://openalex.org/W4212919884
https://openalex.org/W4389988543,https://openalex.org/W3141076273
https://openalex.org/W4389988543,https://openalex.org/W3149971680
https://openalex.org/W4389988543,https://openalex.org/W4409474691
https://openalex.org/W4404820072,https://openalex.org/W3154925182
https://openalex.org/W4402351879,https://openalex.org/W4318187172
https://openalex.org/W4402351879,https://openalex.org/W4398771436
https://openalex.org/W4402721478,https://openalex.org/W4225166092
https://openalex.org/W4402721478,https://openalex.org/W4385971643
https://openalex.org/W4401724801,https://openalex.org/W4401724367
https://openalex.org/W4401724801,https://openalex.org/W4401724551
https://openalex.org/W4401724801,https://openalex.org/W4401725266
https://openalex.org/W4401724801,https://openalex.org/W4401858468
https://openalex.org/W4401724801,https://openalex.org/W4402110527
https://openalex.org/W4401724801,https://openalex.org/W4402259823
https://openalex.org/W4380902225,https://openalex.org/W4280567695
https://openalex.org/W4306246979,https://openalex.org/W3210040080
https://openalex.org/W4400767200,https://openalex.org/W4400767200
https://openalex.org/W4392356798,https://openalex.org/W4285810273
https://openalex.org/W4392356798,https://openalex.org/W4313405122
https://openalex.org/W4392356798,https://openalex.org/W4396832304
https://openalex.org/W4407980081,https://openalex.org/W3120143721
https://openalex.org/W4407980081,https://openalex.org/W4206629192
https://openalex.org/W4388554773,https://openalex.org/W4376127570
https://openalex.org/W4322617609,https://openalex.org/W4221127539
https://openalex.org/W7125407913,https://openalex.org/W4407560311
https://openalex.org/W4321603867,https://openalex.org/W4386935154
https://openalex.org/W4388655113,https://openalex.org/W3160239434
https://openalex.org/W4414426161,https://openalex.org/W4396613374
https://openalex.org/W4414426161,https://openalex.org/W4402574149
https://openalex.org/W4414065092,https://openalex.org/W4404004463
https://openalex.org/W4242451804,https://openalex.org/W3126619135
https://openalex.org/W4310449823,https://openalex.org/W4213438631
https://openalex.org/W7124932830,https://openalex.org/W4415790491
https://openalex.org/W4205813565,https://openalex.org/W3158010139
https://openalex.org/W7106305942,https://openalex.org/W4411440104
https://openalex.org/W4402194663,https://openalex.org/W3126192021
https://openalex.org/W4402194663,https://openalex.org/W4297374041
https://openalex.org/W4402194663,https://openalex.org/W4312090027
https://openalex.org/W4402194663,https://openalex.org/W4386376506
https://openalex.org/W4402194663,https://openalex.org/W4394934094
https://openalex.org/W4385974372,https://openalex.org/W4388810272
https://openalex.org/W4393859485,https://openalex.org/W4309880027
https://openalex.org/W3133526164,https://openalex.org/W4213289503
https://openalex.org/W4411163506,https://openalex.org/W3135747102
https://openalex.org/W4411163506,https://openalex.org/W3161325180
https://openalex.org/W4411163506,https://openalex.org/W4290844201
https://openalex.org/W4411163506,https://openalex.org/W4311167247
https://openalex.org/W4411163506,https://openalex.org/W4388448648
https://openalex.org/W4411163506,https://openalex.org/W4396616724
https://openalex.org/W4411163506,https://openalex.org/W4401262902
https://openalex.org/W3200352208,https://openalex.org/W3190663391
https://openalex.org/W7151761830,https://openalex.org/W4206349509
https://openalex.org/W4416866755,https://openalex.org/W4293581991
https://openalex.org/W7131432921,https://openalex.org/W3209926681
https://openalex.org/W7131432921,https://openalex.org/W4400606092
https://openalex.org/W7131432921,https://openalex.org/W4402419188
https://openalex.org/W7131432921,https://openalex.org/W4409984652
https://openalex.org/W4392721109,https://openalex.org/W3174443133
https://openalex.org/W4392721109,https://openalex.org/W3194288529
https://openalex.org/W4407025706,https://openalex.org/W4406822167
https://openalex.org/W3163305932,https://openalex.org/W3036104060
https://openalex.org/W3163305932,https://openalex.org/W3183720281
https://openalex.org/W4390032499,https://openalex.org/W4390032499
https://openalex.org/W4401969355,https://openalex.org/W3135485603
https://openalex.org/W4401969355,https://openalex.org/W4380149343
https://openalex.org/W4385156356,https://openalex.org/W4284974896
https://openalex.org/W4385156356,https://openalex.org/W4294919729
https://openalex.org/W4385156356,https://openalex.org/W4306252531
https://openalex.org/W4385156356,https://openalex.org/W4321786321
https://openalex.org/W4385156356,https://openalex.org/W4365136010
https://openalex.org/W4220912225,https://openalex.org/W3153102876
https://openalex.org/W4362518725,https://openalex.org/W4281662817
https://openalex.org/W4362518725,https://openalex.org/W4295066316
https://openalex.org/W4379015567,https://openalex.org/W4291019119
https://openalex.org/W4318263638,https://openalex.org/W3192694809
https://openalex.org/W4318263638,https://openalex.org/W4309468427
https://openalex.org/W4200361400,https://openalex.org/W3132938624
https://openalex.org/W4200361400,https://openalex.org/W3177371740
https://openalex.org/W4399813972,https://openalex.org/W4283327004
https://openalex.org/W4399813972,https://openalex.org/W4386204334
https://openalex.org/W3208018930,https://openalex.org/W3182540222
https://openalex.org/W4414770726,https://openalex.org/W4318765075
https://openalex.org/W4414770726,https://openalex.org/W4377047374
https://openalex.org/W4414770726,https://openalex.org/W4377096422
https://openalex.org/W4386595945,https://openalex.org/W3144529494
https://openalex.org/W4386595945,https://openalex.org/W4362703455
https://openalex.org/W4386218137,https://openalex.org/W3160042961
https://openalex.org/W4386218137,https://openalex.org/W4213210769
https://openalex.org/W4386218137,https://openalex.org/W4293569082
https://openalex.org/W4386218137,https://openalex.org/W4310110547
https://openalex.org/W4386218137,https://openalex.org/W4324129379
https://openalex.org/W4386218137,https://openalex.org/W4385568859
https://openalex.org/W7160525931,https://openalex.org/W4414116936
https://openalex.org/W7121357127,https://openalex.org/W4389273456
https://openalex.org/W7121357127,https://openalex.org/W4389351082
https://openalex.org/W7121357127,https://openalex.org/W4400681294
https://openalex.org/W4387847680,https://openalex.org/W4306316999
https://openalex.org/W4387847680,https://openalex.org/W4309651778
https://openalex.org/W4389894232,https://openalex.org/W3124389607
https://openalex.org/W4399071532,https://openalex.org/W3085497393
https://openalex.org/W3199284718,https://openalex.org/W3155147859
https://openalex.org/W4317545559,https://openalex.org/W3214627820
https://openalex.org/W4317545559,https://openalex.org/W4210355398
https://openalex.org/W4283266635,https://openalex.org/W3090176141
https://openalex.org/W4283266635,https://openalex.org/W4200357604
https://openalex.org/W4312205847,https://openalex.org/W3119232697
https://openalex.org/W4312205847,https://openalex.org/W3165178846
https://openalex.org/W4409355252,https://openalex.org/W4396989084
https://openalex.org/W7114895026,https://openalex.org/W4385567652
https://openalex.org/W7114895026,https://openalex.org/W4403577426
https://openalex.org/W4414860758,https://openalex.org/W4391809604
https://openalex.org/W4414860758,https://openalex.org/W4409280206
https://openalex.org/W4413775722,https://openalex.org/W3163052290
https://openalex.org/W4413775722,https://openalex.org/W4379162256
https://openalex.org/W4413775722,https://openalex.org/W4389246780
https://openalex.org/W4417268439,https://openalex.org/W3140242705
https://openalex.org/W3175629170,https://openalex.org/W3129711800
https://openalex.org/W4283803434,https://openalex.org/W3101000142
https://openalex.org/W4283803434,https://openalex.org/W3119608513
https://openalex.org/W4283803434,https://openalex.org/W3139319730
https://openalex.org/W4283803434,https://openalex.org/W3178960719
https://openalex.org/W4283803434,https://openalex.org/W3211871934
https://openalex.org/W4283803434,https://openalex.org/W4292249925
https://openalex.org/W4283803434,https://openalex.org/W4306888997
https://openalex.org/W4283803434,https://openalex.org/W4385259606
https://openalex.org/W4286504946,https://openalex.org/W3182416484
https://openalex.org/W4286504946,https://openalex.org/W4280637657
https://openalex.org/W4286504946,https://openalex.org/W4281779019
https://openalex.org/W4393315363,https://openalex.org/W4319440411
https://openalex.org/W4385266204,https://openalex.org/W3213030435
https://openalex.org/W4411102042,https://openalex.org/W3161010337
https://openalex.org/W4411102042,https://openalex.org/W4205783479
https://openalex.org/W4411102042,https://openalex.org/W4313608416
https://openalex.org/W4411102042,https://openalex.org/W4319063363
https://openalex.org/W4411102042,https://openalex.org/W4320710181
https://openalex.org/W4411102042,https://openalex.org/W4362658299
https://openalex.org/W4414253408,https://openalex.org/W4281619746
https://openalex.org/W4406825265,https://openalex.org/W3118875409
https://openalex.org/W4406825265,https://openalex.org/W3193223779
https://openalex.org/W4406825265,https://openalex.org/W3203428752
https://openalex.org/W4406825265,https://openalex.org/W4283750065
https://openalex.org/W4406825265,https://openalex.org/W4318052223
https://openalex.org/W4406825265,https://openalex.org/W4376225771
https://openalex.org/W4388267335,https://openalex.org/W3133263249
https://openalex.org/W4388267335,https://openalex.org/W4378469150
https://openalex.org/W7163553996,https://openalex.org/W4394874438
https://openalex.org/W4391810954,https://openalex.org/W4300863670
https://openalex.org/W4416213853,https://openalex.org/W4405785743
https://openalex.org/W4403100010,https://openalex.org/W4317399158
https://openalex.org/W7134226828,https://openalex.org/W7127620554
https://openalex.org/W4322741000,https://openalex.org/W3122209643
https://openalex.org/W4322741000,https://openalex.org/W3184968032
https://openalex.org/W4322741000,https://openalex.org/W4224980446
https://openalex.org/W4322741000,https://openalex.org/W4313325369
https://openalex.org/W4403739205,https://openalex.org/W3119738836
https://openalex.org/W4403739205,https://openalex.org/W3177246877
https://openalex.org/W4403739205,https://openalex.org/W3194373380
https://openalex.org/W4403739205,https://openalex.org/W3197033820
https://openalex.org/W4403739205,https://openalex.org/W3208303193
https://openalex.org/W4403739205,https://openalex.org/W4377823567
https://openalex.org/W4403739205,https://openalex.org/W4391354431
https://openalex.org/W4403739205,https://openalex.org/W4396641340
https://openalex.org/W4294712499,https://openalex.org/W4290928564
https://openalex.org/W4405648998,https://openalex.org/W4388336330
https://openalex.org/W4405648998,https://openalex.org/W4392044038
https://openalex.org/W4225512253,https://openalex.org/W3112618968
https://openalex.org/W4225512253,https://openalex.org/W3151486971
https://openalex.org/W4225512253,https://openalex.org/W3178960719
https://openalex.org/W4225512253,https://openalex.org/W4214579071
https://openalex.org/W4362580227,https://openalex.org/W3196785771
https://openalex.org/W4362580227,https://openalex.org/W4283033107
https://openalex.org/W4362580227,https://openalex.org/W4285385679
https://openalex.org/W4385914308,https://openalex.org/W4285794562
https://openalex.org/W4389794559,https://openalex.org/W4205910918
https://openalex.org/W4405505822,https://openalex.org/W3183110125
https://openalex.org/W4405505822,https://openalex.org/W3213888381
https://openalex.org/W4405505822,https://openalex.org/W4307985194
https://openalex.org/W3049455208,https://openalex.org/W2890604215
https://openalex.org/W3049455208,https://openalex.org/W4286690957
https://openalex.org/W3049455208,https://openalex.org/W4388797789
https://openalex.org/W4415303482,https://openalex.org/W4405857140
https://openalex.org/W4409507426,https://openalex.org/W4300961415
https://openalex.org/W4409507426,https://openalex.org/W4391722265
https://openalex.org/W4409507426,https://openalex.org/W4406518955
https://openalex.org/W4409507426,https://openalex.org/W4407395730
https://openalex.org/W4365517169,https://openalex.org/W4220775356
https://openalex.org/W4411062211,https://openalex.org/W4411062211
https://openalex.org/W3123469494,https://openalex.org/W3125497581
https://openalex.org/W4389246780,https://openalex.org/W4281897038
https://openalex.org/W4417493783,https://openalex.org/W4309474903
https://openalex.org/W4417493783,https://openalex.org/W4384201459
https://openalex.org/W4417493783,https://openalex.org/W4391322029
https://openalex.org/W4321182794,https://openalex.org/W4312094059
https://openalex.org/W7129334885,https://openalex.org/W3155813015
https://openalex.org/W7129334885,https://openalex.org/W4295969304
https://openalex.org/W7129334885,https://openalex.org/W4392586512
https://openalex.org/W4403607835,https://openalex.org/W4280577216
https://openalex.org/W4403607835,https://openalex.org/W4304731562
https://openalex.org/W4403607835,https://openalex.org/W4384263943
https://openalex.org/W4403607835,https://openalex.org/W4389462498
https://openalex.org/W4416239798,https://openalex.org/W3123066388
https://openalex.org/W4416239798,https://openalex.org/W4382362604
https://openalex.org/W4416239798,https://openalex.org/W4383558606
https://openalex.org/W4407090152,https://openalex.org/W4394843717
https://openalex.org/W4392525907,https://openalex.org/W3134709466
https://openalex.org/W4392525907,https://openalex.org/W4224948141
https://openalex.org/W4407899023,https://openalex.org/W4394905311
https://openalex.org/W4385306409,https://openalex.org/W4385306409
https://openalex.org/W7169804654,https://openalex.org/W4281674429
https://openalex.org/W7169804654,https://openalex.org/W4281725079
https://openalex.org/W4400492651,https://openalex.org/W4297877386
https://openalex.org/W4405280473,https://openalex.org/W3158564857
https://openalex.org/W4405280473,https://openalex.org/W3213976245
https://openalex.org/W4405280473,https://openalex.org/W4205987388
https://openalex.org/W4405280473,https://openalex.org/W4391874209
https://openalex.org/W7128684550,https://openalex.org/W4295800149
https://openalex.org/W7128684550,https://openalex.org/W4391026758
https://openalex.org/W7128684550,https://openalex.org/W4393315003
https://openalex.org/W7128684550,https://openalex.org/W4411830766
https://openalex.org/W4226083552,https://openalex.org/W3131392783
https://openalex.org/W4226083552,https://openalex.org/W3163441530
https://openalex.org/W4226083552,https://openalex.org/W3204462302
https://openalex.org/W4226083552,https://openalex.org/W3214875927
https://openalex.org/W4292519193,https://openalex.org/W3199202305
https://openalex.org/W4292519193,https://openalex.org/W3206812573
https://openalex.org/W4292519193,https://openalex.org/W4283396386
https://openalex.org/W7164879915,https://openalex.org/W4391951532
https://openalex.org/W7164879915,https://openalex.org/W4410242920
https://openalex.org/W4392500967,https://openalex.org/W4317910617
https://openalex.org/W4313731735,https://openalex.org/W4200367443
https://openalex.org/W4313731735,https://openalex.org/W4220722265
https://openalex.org/W4392847527,https://openalex.org/W2963002078
https://openalex.org/W4392847527,https://openalex.org/W3178960719
https://openalex.org/W4415650257,https://openalex.org/W3120784776
https://openalex.org/W4415650257,https://openalex.org/W4404040044
https://openalex.org/W4282821625,https://openalex.org/W4393885760
https://openalex.org/W4380685770,https://openalex.org/W4298008635
https://openalex.org/W4407183232,https://openalex.org/W4220833800
https://openalex.org/W4377245231,https://openalex.org/W4221155508
https://openalex.org/W4389469199,https://openalex.org/W4206231885
https://openalex.org/W3214847695,https://openalex.org/W3120584803
https://openalex.org/W3214847695,https://openalex.org/W3178960719
https://openalex.org/W4363678454,https://openalex.org/W3166835521
https://openalex.org/W4363678454,https://openalex.org/W4225680457
https://openalex.org/W4309761866,https://openalex.org/W3160196281
https://openalex.org/W4361224029,https://openalex.org/W4226215175
https://openalex.org/W4361224029,https://openalex.org/W4281643755
https://openalex.org/W4406210618,https://openalex.org/W3147196425
https://openalex.org/W7134943230,https://openalex.org/W3130110303
https://openalex.org/W7134943230,https://openalex.org/W3213976245
https://openalex.org/W7134943230,https://openalex.org/W4388282063
https://openalex.org/W7134943230,https://openalex.org/W4389435296
https://openalex.org/W7134943230,https://openalex.org/W4409987594
https://openalex.org/W4221127539,https://openalex.org/W4221127539
https://openalex.org/W4365456734,https://openalex.org/W4390746280
https://openalex.org/W4403717535,https://openalex.org/W3200827411
https://openalex.org/W4304889418,https://openalex.org/W3215689680
https://openalex.org/W4308460937,https://openalex.org/W3118786201
https://openalex.org/W4308460937,https://openalex.org/W3165542633
https://openalex.org/W4308460937,https://openalex.org/W4210301930
https://openalex.org/W4416387839,https://openalex.org/W4205691153
https://openalex.org/W4416387839,https://openalex.org/W4296194542
https://openalex.org/W4416387839,https://openalex.org/W4377244785
https://openalex.org/W4225311200,https://openalex.org/W3101000142
https://openalex.org/W4225311200,https://openalex.org/W3112618968
https://openalex.org/W4225311200,https://openalex.org/W3217268717
https://openalex.org/W4411800322,https://openalex.org/W4399282324
https://openalex.org/W4392681547,https://openalex.org/W4285810273
https://openalex.org/W4400533508,https://openalex.org/W3179521072
https://openalex.org/W4387343640,https://openalex.org/W3127930017
https://openalex.org/W4387343640,https://openalex.org/W4281787913
https://openalex.org/W4387343640,https://openalex.org/W4312192568
https://openalex.org/W4417444843,https://openalex.org/W4401992482
https://openalex.org/W4417444843,https://openalex.org/W4402520526
https://openalex.org/W4384522679,https://openalex.org/W4386019381
https://openalex.org/W3168316121,https://openalex.org/W3120569425
https://openalex.org/W4405853045,https://openalex.org/W3134393697
https://openalex.org/W3203785326,https://openalex.org/W3136155973
https://openalex.org/W3203785326,https://openalex.org/W3199643928
https://openalex.org/W4417034221,https://openalex.org/W4388033765
https://openalex.org/W4224947484,https://openalex.org/W3216422830
https://openalex.org/W3157037438,https://openalex.org/W3136431815
https://openalex.org/W4402440047,https://openalex.org/W3133092534
https://openalex.org/W4402440047,https://openalex.org/W4224280441
https://openalex.org/W4402440047,https://openalex.org/W4285726627
https://openalex.org/W4402440047,https://openalex.org/W4391540519
https://openalex.org/W4402440047,https://openalex.org/W4399524608
https://openalex.org/W4386640678,https://openalex.org/W3198535020
https://openalex.org/W4400791931,https://openalex.org/W3167088720
https://openalex.org/W4400791931,https://openalex.org/W4319293662
https://openalex.org/W4400791931,https://openalex.org/W4362459706
https://openalex.org/W4400791931,https://openalex.org/W4384108494
https://openalex.org/W4400791931,https://openalex.org/W4388826298
https://openalex.org/W4380488786,https://openalex.org/W4308995095
https://openalex.org/W7171613757,https://openalex.org/W7131809751
https://openalex.org/W4392183245,https://openalex.org/W3131624221
https://openalex.org/W4392183245,https://openalex.org/W3168408968
https://openalex.org/W4392183245,https://openalex.org/W3178960719
https://openalex.org/W4392183245,https://openalex.org/W3205009510
https://openalex.org/W4413022776,https://openalex.org/W3161010337
https://openalex.org/W4412403041,https://openalex.org/W3112618968
https://openalex.org/W4413010498,https://openalex.org/W4379511650
https://openalex.org/W4399488953,https://openalex.org/W3140674682
https://openalex.org/W4399488953,https://openalex.org/W3172194426
https://openalex.org/W4399488953,https://openalex.org/W4226343154
https://openalex.org/W4399488953,https://openalex.org/W4319730355
https://openalex.org/W4399488953,https://openalex.org/W4322491964
https://openalex.org/W4399488953,https://openalex.org/W4385802926
https://openalex.org/W4399488953,https://openalex.org/W4389305498
https://openalex.org/W4407872151,https://openalex.org/W3127920890
https://openalex.org/W4407872151,https://openalex.org/W3141445395
https://openalex.org/W4376225771,https://openalex.org/W3118875409
https://openalex.org/W4376225771,https://openalex.org/W3193223779
https://openalex.org/W4376225771,https://openalex.org/W3203428752
https://openalex.org/W4400944154,https://openalex.org/W3085837059
https://openalex.org/W4400944154,https://openalex.org/W3112618968
https://openalex.org/W4400944154,https://openalex.org/W3178960719
https://openalex.org/W4398163826,https://openalex.org/W4224247473
https://openalex.org/W4385802818,https://openalex.org/W4280592991
https://openalex.org/W4385802818,https://openalex.org/W4318240969
https://openalex.org/W4385802818,https://openalex.org/W4321369112
https://openalex.org/W4412403186,https://openalex.org/W3112618968
https://openalex.org/W4412403186,https://openalex.org/W3178960719
https://openalex.org/W4412403186,https://openalex.org/W4214515783
https://openalex.org/W4412403186,https://openalex.org/W4221035810
https://openalex.org/W4412403186,https://openalex.org/W4285087276
https://openalex.org/W4412403186,https://openalex.org/W4285371578
https://openalex.org/W4412403186,https://openalex.org/W4394905311
https://openalex.org/W4414216868,https://openalex.org/W3209490248
https://openalex.org/W4414216868,https://openalex.org/W4232789351
https://openalex.org/W4414216868,https://openalex.org/W4287730306
https://openalex.org/W4414216868,https://openalex.org/W4392111346
https://openalex.org/W4414216868,https://openalex.org/W4399748946
https://openalex.org/W4316036022,https://openalex.org/W4288034651
https://openalex.org/W4407423993,https://openalex.org/W3155550370
https://openalex.org/W4407423993,https://openalex.org/W3155806984
https://openalex.org/W4407423993,https://openalex.org/W3186611878
https://openalex.org/W4407423993,https://openalex.org/W3214607105
https://openalex.org/W4407423993,https://openalex.org/W4223438099
https://openalex.org/W4407423993,https://openalex.org/W4367835857
https://openalex.org/W4407423993,https://openalex.org/W4379208857
https://openalex.org/W4407423993,https://openalex.org/W4393973765
https://openalex.org/W7172434630,https://openalex.org/W4360612585
https://openalex.org/W7172434630,https://openalex.org/W4388128237
https://openalex.org/W7172434630,https://openalex.org/W4408593457
https://openalex.org/W7162955512,https://openalex.org/W4304996631
https://openalex.org/W7162955512,https://openalex.org/W4365563289
https://openalex.org/W7162955512,https://openalex.org/W4376629381
https://openalex.org/W7162955512,https://openalex.org/W4408349198
https://openalex.org/W4412741670,https://openalex.org/W4320484637
https://openalex.org/W4412741670,https://openalex.org/W4390961978
https://openalex.org/W4412741670,https://openalex.org/W4410776018
https://openalex.org/W4378842868,https://openalex.org/W4310449368
https://openalex.org/W4378842868,https://openalex.org/W4312219141
https://openalex.org/W4378842868,https://openalex.org/W4378843082
https://openalex.org/W4404199254,https://openalex.org/W4390751351
https://openalex.org/W4404199254,https://openalex.org/W4401792166
https://openalex.org/W3206401170,https://openalex.org/W3136337089
https://openalex.org/W4321607560,https://openalex.org/W3203622991
https://openalex.org/W7162642785,https://openalex.org/W4206003763
https://openalex.org/W7162642785,https://openalex.org/W4284699798
https://openalex.org/W4379389209,https://openalex.org/W4225679046
https://openalex.org/W4383500612,https://openalex.org/W3205944703
https://openalex.org/W4383500612,https://openalex.org/W4297018231
https://openalex.org/W4200353399,https://openalex.org/W3179812603
https://openalex.org/W7162658453,https://openalex.org/W3119738836
https://openalex.org/W7162658453,https://openalex.org/W3194373380
https://openalex.org/W7162658453,https://openalex.org/W4396641340
https://openalex.org/W7162658453,https://openalex.org/W4396808380
https://openalex.org/W7162658453,https://openalex.org/W4406906829
https://openalex.org/W7162658453,https://openalex.org/W4413121720
https://openalex.org/W4364321135,https://openalex.org/W3122287926
https://openalex.org/W4409136482,https://openalex.org/W4296143909
https://openalex.org/W4404062456,https://openalex.org/W4285223321
https://openalex.org/W4404062456,https://openalex.org/W4307676185
https://openalex.org/W4404062456,https://openalex.org/W4308954783
https://openalex.org/W4404062456,https://openalex.org/W4312038990
https://openalex.org/W4404062456,https://openalex.org/W4390410826
https://openalex.org/W4283329429,https://openalex.org/W3141744159
https://openalex.org/W4381890869,https://openalex.org/W4200337629
https://openalex.org/W7204909804,https://openalex.org/W4283025150
https://openalex.org/W7168805783,https://openalex.org/W4285385679
https://openalex.org/W7168805783,https://openalex.org/W4410911204
https://openalex.org/W7168805783,https://openalex.org/W7125976487
https://openalex.org/W4399561145,https://openalex.org/W4378194764
https://openalex.org/W4387999192,https://openalex.org/W3127676697
https://openalex.org/W4387999192,https://openalex.org/W3205108747
https://openalex.org/W4387999192,https://openalex.org/W4220894822
https://openalex.org/W4387999192,https://openalex.org/W4281767172
https://openalex.org/W7204443452,https://openalex.org/W4406518955
https://openalex.org/W7204443452,https://openalex.org/W4417437779
https://openalex.org/W7204443452,https://openalex.org/W7163353956
https://openalex.org/W7154485498,https://openalex.org/W4413780535
https://openalex.org/W4386453005,https://openalex.org/W4300962571
https://openalex.org/W4408299092,https://openalex.org/W3138355402
https://openalex.org/W4408299092,https://openalex.org/W4317583840
https://openalex.org/W4408299092,https://openalex.org/W4379877799
https://openalex.org/W7164942981,https://openalex.org/W4282921167
https://openalex.org/W7164942981,https://openalex.org/W4294597614
https://openalex.org/W7164942981,https://openalex.org/W4378445990
https://openalex.org/W7164942981,https://openalex.org/W4398236966
https://openalex.org/W7164942981,https://openalex.org/W4399365886
https://openalex.org/W7164942981,https://openalex.org/W4401766505
https://openalex.org/W7164942981,https://openalex.org/W4403718040
https://openalex.org/W7164942981,https://openalex.org/W4405698013
https://openalex.org/W7164942981,https://openalex.org/W4410373824
https://openalex.org/W7164942981,https://openalex.org/W4411177763
https://openalex.org/W7164942981,https://openalex.org/W4411992163
https://openalex.org/W7164942981,https://openalex.org/W4412758863
https://openalex.org/W7164942981,https://openalex.org/W7124417343
https://openalex.org/W7164942981,https://openalex.org/W7160206875
https://openalex.org/W4388716031,https://openalex.org/W3112618968
https://openalex.org/W4388716031,https://openalex.org/W3132271809
https://openalex.org/W4388716031,https://openalex.org/W3178960719
https://openalex.org/W4388716031,https://openalex.org/W4283644017
https://openalex.org/W4212939313,https://openalex.org/W3169909418
https://openalex.org/W4212939313,https://openalex.org/W4212939313
https://openalex.org/W4406199926,https://openalex.org/W4385486950
https://openalex.org/W4406199926,https://openalex.org/W4388204093
https://openalex.org/W3164830100,https://openalex.org/W3123212709
https://openalex.org/W3164830100,https://openalex.org/W4239297835
https://openalex.org/W7162625642,https://openalex.org/W3112618968
https://openalex.org/W7162625642,https://openalex.org/W3178960719
https://openalex.org/W7162625642,https://openalex.org/W3217553164
https://openalex.org/W7162625642,https://openalex.org/W4385721393
https://openalex.org/W7162625642,https://openalex.org/W4387894048
https://openalex.org/W7162625642,https://openalex.org/W4394905311
https://openalex.org/W7162625642,https://openalex.org/W4394905319
https://openalex.org/W7162625642,https://openalex.org/W4410773443
https://openalex.org/W4400241594,https://openalex.org/W4318586845
https://openalex.org/W4400241594,https://openalex.org/W4388007522
https://openalex.org/W4400241594,https://openalex.org/W4403808053
https://openalex.org/W4400047965,https://openalex.org/W3209730426
https://openalex.org/W4400047965,https://openalex.org/W4213428903
https://openalex.org/W4400047965,https://openalex.org/W4324149948
https://openalex.org/W4400946909,https://openalex.org/W3164349505
https://openalex.org/W4396629279,https://openalex.org/W3195176717
https://openalex.org/W4396629279,https://openalex.org/W4286203437
https://openalex.org/W4396629279,https://openalex.org/W4310528218
https://openalex.org/W4396629279,https://openalex.org/W4312067237
https://openalex.org/W4396629279,https://openalex.org/W4378174724
https://openalex.org/W4396629279,https://openalex.org/W4385839365
https://openalex.org/W4396629279,https://openalex.org/W4387998499
https://openalex.org/W4396629279,https://openalex.org/W4389078010
https://openalex.org/W4417152086,https://openalex.org/W4386495722
https://openalex.org/W7131095221,https://openalex.org/W4381546635
https://openalex.org/W7131095221,https://openalex.org/W4401211033
https://openalex.org/W3165178846,https://openalex.org/W3119232697
https://openalex.org/W4409619224,https://openalex.org/W4392625154
https://openalex.org/W4214897292,https://openalex.org/W3135747102
https://openalex.org/W4214897292,https://openalex.org/W3161325180
https://openalex.org/W4283376225,https://openalex.org/W4224243249
https://openalex.org/W4401806360,https://openalex.org/W4401219656
https://openalex.org/W4398143995,https://openalex.org/W4318999333
https://openalex.org/W4377041638,https://openalex.org/W3209814434
https://openalex.org/W4377041638,https://openalex.org/W4223541099
https://openalex.org/W4377041638,https://openalex.org/W4313568006
https://openalex.org/W4323366137,https://openalex.org/W4200463943
https://openalex.org/W4323366137,https://openalex.org/W4220812318
https://openalex.org/W4206460787,https://openalex.org/W3165052511
https://openalex.org/W4206460787,https://openalex.org/W3203217270
https://openalex.org/W4409797273,https://openalex.org/W3178486169
https://openalex.org/W4393899159,https://openalex.org/W3199144933
https://openalex.org/W4393899159,https://openalex.org/W4224228901
https://openalex.org/W4393899159,https://openalex.org/W4310244878
https://openalex.org/W4391313126,https://openalex.org/W4296669969
https://openalex.org/W4391313126,https://openalex.org/W4297989307
https://openalex.org/W4404153000,https://openalex.org/W3139442454
https://openalex.org/W4404153000,https://openalex.org/W3190421764
https://openalex.org/W4404153000,https://openalex.org/W4286698407
https://openalex.org/W4404153000,https://openalex.org/W4311679888
https://openalex.org/W4404153000,https://openalex.org/W4386887387
https://openalex.org/W4323921340,https://openalex.org/W3201520141
https://openalex.org/W4323921340,https://openalex.org/W4200017820
https://openalex.org/W4323921340,https://openalex.org/W4210479541
https://openalex.org/W4323921340,https://openalex.org/W4225134613
https://openalex.org/W4323921340,https://openalex.org/W4281632263
https://openalex.org/W7164550604,https://openalex.org/W4403597013
https://openalex.org/W7164550604,https://openalex.org/W4406288367
https://openalex.org/W7164550604,https://openalex.org/W4410038996
https://openalex.org/W7164550604,https://openalex.org/W4415991820
https://openalex.org/W4304187695,https://openalex.org/W4213024989
https://openalex.org/W4213069139,https://openalex.org/W4200468535
https://openalex.org/W4281765255,https://openalex.org/W3214374580
https://openalex.org/W4386159596,https://openalex.org/W3193414182
https://openalex.org/W4386159596,https://openalex.org/W3194755500
https://openalex.org/W7166729809,https://openalex.org/W4405951860
https://openalex.org/W4410428377,https://openalex.org/W3189146675
https://openalex.org/W4410428377,https://openalex.org/W4389664897
https://openalex.org/W4416815633,https://openalex.org/W4395072014
https://openalex.org/W4223641489,https://openalex.org/W3088611318
https://openalex.org/W4223641489,https://openalex.org/W3118467713
https://openalex.org/W4223641489,https://openalex.org/W3163769242
https://openalex.org/W4223641489,https://openalex.org/W4238150452
https://openalex.org/W7161598184,https://openalex.org/W4361215213
https://openalex.org/W7161598184,https://openalex.org/W4385740330
https://openalex.org/W7161598184,https://openalex.org/W4387757771
https://openalex.org/W3165122038,https://openalex.org/W3118346788
https://openalex.org/W3216911634,https://openalex.org/W3191402931
https://openalex.org/W4393039142,https://openalex.org/W3199695806
https://openalex.org/W7212272000,https://openalex.org/W4317762145
https://openalex.org/W7212272000,https://openalex.org/W4390980019
https://openalex.org/W7164760210,https://openalex.org/W4415357352
https://openalex.org/W4391849423,https://openalex.org/W4205511979
https://openalex.org/W4402271627,https://openalex.org/W3167316166
https://openalex.org/W4402271627,https://openalex.org/W3211608090
https://openalex.org/W4402271627,https://openalex.org/W4292183204
https://openalex.org/W4402271627,https://openalex.org/W4311001167
https://openalex.org/W4402271627,https://openalex.org/W4383821957
https://openalex.org/W4402271627,https://openalex.org/W4387503119
https://openalex.org/W4402271627,https://openalex.org/W4387953077
https://openalex.org/W4402271627,https://openalex.org/W4391541434
https://openalex.org/W7144169142,https://openalex.org/W4226157944
https://openalex.org/W4400977535,https://openalex.org/W3120959216
https://openalex.org/W4400977535,https://openalex.org/W3205998373
https://openalex.org/W4387616661,https://openalex.org/W3134195618
https://openalex.org/W4387616661,https://openalex.org/W3169520380
https://openalex.org/W4387616661,https://openalex.org/W4281767172
https://openalex.org/W4390872893,https://openalex.org/W3036104060
https://openalex.org/W4390872893,https://openalex.org/W4226017481
https://openalex.org/W4390872893,https://openalex.org/W4317606129
https://openalex.org/W3196007510,https://openalex.org/W3196007510
https://openalex.org/W4391134088,https://openalex.org/W3118346788
https://openalex.org/W4394927536,https://openalex.org/W4387670116
https://openalex.org/W4385417620,https://openalex.org/W3133234490
https://openalex.org/W4385417620,https://openalex.org/W3213677338
https://openalex.org/W7158760534,https://openalex.org/W4300689996
https://openalex.org/W3190055090,https://openalex.org/W3131392783
https://openalex.org/W4411455640,https://openalex.org/W4386730879
https://openalex.org/W7127449448,https://openalex.org/W4399755959
https://openalex.org/W4406157736,https://openalex.org/W4386588725
https://openalex.org/W4406157736,https://openalex.org/W4390941520
https://openalex.org/W4406157736,https://openalex.org/W4399804170
https://openalex.org/W4399594289,https://openalex.org/W4388183508
https://openalex.org/W4399594289,https://openalex.org/W4388183660
https://openalex.org/W4401647394,https://openalex.org/W4285152302
https://openalex.org/W4401647394,https://openalex.org/W4401647394
https://openalex.org/W3198918437,https://openalex.org/W3121026993
https://openalex.org/W4390409779,https://openalex.org/W4253933763
https://openalex.org/W4390409779,https://openalex.org/W4281291537
https://openalex.org/W4404322923,https://openalex.org/W4382024881
https://openalex.org/W4414853893,https://openalex.org/W3137144429
https://openalex.org/W4414853893,https://openalex.org/W4386125506
https://openalex.org/W4414853893,https://openalex.org/W4391953090
https://openalex.org/W4414853893,https://openalex.org/W4410611172
https://openalex.org/W7125698253,https://openalex.org/W3172219155
https://openalex.org/W3150860489,https://openalex.org/W3125018023
https://openalex.org/W4311419502,https://openalex.org/W3197485399
https://openalex.org/W4311419502,https://openalex.org/W4311419502
https://openalex.org/W7136596264,https://openalex.org/W4207069216
https://openalex.org/W4402446796,https://openalex.org/W4409331243
https://openalex.org/W4307344144,https://openalex.org/W4200468535
https://openalex.org/W4307344144,https://openalex.org/W4220980162
https://openalex.org/W4402555150,https://openalex.org/W3195664687
https://openalex.org/W4388495106,https://openalex.org/W4280527003
https://openalex.org/W4391811039,https://openalex.org/W4393235944
https://openalex.org/W4401768304,https://openalex.org/W4392385407
https://openalex.org/W4239394971,https://openalex.org/W3156706387
https://openalex.org/W4390538755,https://openalex.org/W4386223524
https://openalex.org/W4392130241,https://openalex.org/W3170991167
https://openalex.org/W7134920954,https://openalex.org/W4220784494
https://openalex.org/W7134920954,https://openalex.org/W4376604490
https://openalex.org/W7134920954,https://openalex.org/W4407809208
https://openalex.org/W4411704352,https://openalex.org/W4399117473
https://openalex.org/W4214738659,https://openalex.org/W3194771952
https://openalex.org/W3164442613,https://openalex.org/W3164442613
https://openalex.org/W4400356766,https://openalex.org/W3181546806
https://openalex.org/W4400356766,https://openalex.org/W3202587163
https://openalex.org/W3203217270,https://openalex.org/W3165052511
https://openalex.org/W3169520380,https://openalex.org/W3136511286
https://openalex.org/W7202124340,https://openalex.org/W4289518974
https://openalex.org/W7202124340,https://openalex.org/W4399104125
https://openalex.org/W7202124340,https://openalex.org/W4410861896
https://openalex.org/W7202124340,https://openalex.org/W4412834755
https://openalex.org/W4388718831,https://openalex.org/W4317932677
https://openalex.org/W4388718831,https://openalex.org/W4386346874
https://openalex.org/W4324122179,https://openalex.org/W3176852009
https://openalex.org/W4324122179,https://openalex.org/W3212711117
https://openalex.org/W4324122179,https://openalex.org/W4206484652
https://openalex.org/W4303520617,https://openalex.org/W4281961295
https://openalex.org/W7135018810,https://openalex.org/W4376873629
https://openalex.org/W7135018810,https://openalex.org/W4388128184
https://openalex.org/W7135018810,https://openalex.org/W4388183574
https://openalex.org/W7135018810,https://openalex.org/W4388183660
https://openalex.org/W7135018810,https://openalex.org/W4392721176
https://openalex.org/W7135018810,https://openalex.org/W4399594289
https://openalex.org/W7135018810,https://openalex.org/W7108321864
https://openalex.org/W7135018810,https://openalex.org/W7130698270
https://openalex.org/W7172420323,https://openalex.org/W3130110303
https://openalex.org/W3126276382,https://openalex.org/W3087962370
https://openalex.org/W7127352605,https://openalex.org/W3190775906
https://openalex.org/W7127352605,https://openalex.org/W4390037316
https://openalex.org/W7127352605,https://openalex.org/W4391302255
https://openalex.org/W7127352605,https://openalex.org/W4402685938
https://openalex.org/W7127352605,https://openalex.org/W4402688554
https://openalex.org/W7127352605,https://openalex.org/W4407321855
https://openalex.org/W7127352605,https://openalex.org/W4412486837
https://openalex.org/W4407809208,https://openalex.org/W4220784494
https://openalex.org/W4407809208,https://openalex.org/W4292265649
https://openalex.org/W4407809208,https://openalex.org/W4376604490
https://openalex.org/W4413600180,https://openalex.org/W4392451418
https://openalex.org/W4200462134,https://openalex.org/W3165622871
https://openalex.org/W4413032556,https://openalex.org/W3179709780
https://openalex.org/W4366751904,https://openalex.org/W3157456029
https://openalex.org/W4366751904,https://openalex.org/W3200238241
https://openalex.org/W7147667705,https://openalex.org/W4410641055
https://openalex.org/W4387160340,https://openalex.org/W4387160340
https://openalex.org/W7125696170,https://openalex.org/W3200836850
https://openalex.org/W7125696170,https://openalex.org/W4311065050
https://openalex.org/W3207791258,https://openalex.org/W3118346788
https://openalex.org/W4309047068,https://openalex.org/W3205108747
https://openalex.org/W7128809865,https://openalex.org/W4316928176
https://openalex.org/W4387013123,https://openalex.org/W3188301151
https://openalex.org/W4308820101,https://openalex.org/W4309925988
https://openalex.org/W7132817410,https://openalex.org/W4407252138
https://openalex.org/W4410288647,https://openalex.org/W4226043498
https://openalex.org/W4410288647,https://openalex.org/W4379919686
https://openalex.org/W7160520987,https://openalex.org/W4393371880
https://openalex.org/W7160520987,https://openalex.org/W4406633757
https://openalex.org/W4223613639,https://openalex.org/W3168316121
https://openalex.org/W4380201788,https://openalex.org/W3127288993
https://openalex.org/W4380201788,https://openalex.org/W3153377540
https://openalex.org/W4380201788,https://openalex.org/W4200241157
https://openalex.org/W7155016997,https://openalex.org/W4391577922
https://openalex.org/W7155016997,https://openalex.org/W4399388378
https://openalex.org/W7155016997,https://openalex.org/W4407934681
https://openalex.org/W7155016997,https://openalex.org/W7126113824
https://openalex.org/W4410112023,https://openalex.org/W3145866253
https://openalex.org/W4410049958,https://openalex.org/W4410049958
https://openalex.org/W4389115081,https://openalex.org/W4285403843
https://openalex.org/W3195176717,https://openalex.org/W3111211383
https://openalex.org/W3195176717,https://openalex.org/W3126665462
https://openalex.org/W3195176717,https://openalex.org/W3136533732
https://openalex.org/W3195176717,https://openalex.org/W4243447653
https://openalex.org/W3195176717,https://openalex.org/W4285732530
https://openalex.org/W4381248472,https://openalex.org/W3195354527
https://openalex.org/W4381248472,https://openalex.org/W3210056739
https://openalex.org/W4410618182,https://openalex.org/W4220775356
https://openalex.org/W4205736442,https://openalex.org/W2182589045
https://openalex.org/W4205736442,https://openalex.org/W3167768535
https://openalex.org/W4393219012,https://openalex.org/W3194947502
https://openalex.org/W7131358849,https://openalex.org/W4404749490
https://openalex.org/W4220805931,https://openalex.org/W4220805931
https://openalex.org/W4220805931,https://openalex.org/W4398500266
https://openalex.org/W4312192568,https://openalex.org/W3165326852
https://openalex.org/W4312192568,https://openalex.org/W4304823292
https://openalex.org/W4416388918,https://openalex.org/W3137144429
https://openalex.org/W4416388918,https://openalex.org/W4313314322
https://openalex.org/W4416388918,https://openalex.org/W4386251190
https://openalex.org/W4416388918,https://openalex.org/W4391953090
https://openalex.org/W4416388918,https://openalex.org/W4415711896
https://openalex.org/W4410550336,https://openalex.org/W4313546498
https://openalex.org/W4410550336,https://openalex.org/W4404044139
https://openalex.org/W4391344465,https://openalex.org/W2963002078
https://openalex.org/W4391344465,https://openalex.org/W4200033070
https://openalex.org/W4391344465,https://openalex.org/W4389546445
https://openalex.org/W4412734156,https://openalex.org/W4401097627
https://openalex.org/W4412734156,https://openalex.org/W4405689740
https://openalex.org/W7140234433,https://openalex.org/W3141744159
https://openalex.org/W7140234433,https://openalex.org/W4403092468
https://openalex.org/W4384931599,https://openalex.org/W3134040239
https://openalex.org/W4384931599,https://openalex.org/W4297109637
https://openalex.org/W4376604328,https://openalex.org/W2182589045
https://openalex.org/W4376604328,https://openalex.org/W3126737939
https://openalex.org/W4376604328,https://openalex.org/W4316037804
https://openalex.org/W4409727545,https://openalex.org/W4282973403
https://openalex.org/W4411627707,https://openalex.org/W3161010337
https://openalex.org/W4411627707,https://openalex.org/W4404458944
https://openalex.org/W4318834052,https://openalex.org/W4226003416
https://openalex.org/W4306809803,https://openalex.org/W3166981941
https://openalex.org/W4390442154,https://openalex.org/W3121055660
https://openalex.org/W4390442154,https://openalex.org/W3214627820
https://openalex.org/W4390442154,https://openalex.org/W4210355398
https://openalex.org/W4390442154,https://openalex.org/W4317545559
https://openalex.org/W3176486075,https://openalex.org/W3176486075
https://openalex.org/W7165573556,https://openalex.org/W4409015780
https://openalex.org/W4408518374,https://openalex.org/W4321097797
https://openalex.org/W4408518374,https://openalex.org/W4385780639
https://openalex.org/W4408518374,https://openalex.org/W4392585968
https://openalex.org/W4206067338,https://openalex.org/W4212938074
https://openalex.org/W4388747481,https://openalex.org/W3188985572
https://openalex.org/W4388747481,https://openalex.org/W4281740949
https://openalex.org/W4388747481,https://openalex.org/W4312093661
https://openalex.org/W4388747481,https://openalex.org/W4380446416
https://openalex.org/W4388747481,https://openalex.org/W4386884537
https://openalex.org/W4388747481,https://openalex.org/W4388747481
https://openalex.org/W4381893380,https://openalex.org/W3209696637
https://openalex.org/W4381893380,https://openalex.org/W3216245651
https://openalex.org/W4411184304,https://openalex.org/W3121407110
https://openalex.org/W4411184304,https://openalex.org/W4378233842
https://openalex.org/W3201195220,https://openalex.org/W3126627207
https://openalex.org/W3201195220,https://openalex.org/W3147055522
https://openalex.org/W7128472453,https://openalex.org/W4292452314
https://openalex.org/W7128472453,https://openalex.org/W4403965451
https://openalex.org/W4390410826,https://openalex.org/W3204462302
https://openalex.org/W4390410826,https://openalex.org/W4226083552
https://openalex.org/W4390410826,https://openalex.org/W4307676185
https://openalex.org/W4390410826,https://openalex.org/W4308954783
https://openalex.org/W4390410826,https://openalex.org/W4312038990
https://openalex.org/W7125405156,https://openalex.org/W4392000421
https://openalex.org/W7125405156,https://openalex.org/W4404504895
https://openalex.org/W7125405156,https://openalex.org/W4415951915
https://openalex.org/W4367835857,https://openalex.org/W3155806984
https://openalex.org/W4367835857,https://openalex.org/W3186611878
https://openalex.org/W4367835857,https://openalex.org/W3214607105
https://openalex.org/W7161834669,https://openalex.org/W3200683982
https://openalex.org/W7161834669,https://openalex.org/W4410027450
https://openalex.org/W4313702103,https://openalex.org/W3200836850
https://openalex.org/W4413092497,https://openalex.org/W4406213960
https://openalex.org/W4391363030,https://openalex.org/W4286630264
https://openalex.org/W4406971035,https://openalex.org/W4205111263
https://openalex.org/W4406971035,https://openalex.org/W4283208926
https://openalex.org/W4406971035,https://openalex.org/W4382725747
https://openalex.org/W4394808186,https://openalex.org/W4281772203
https://openalex.org/W4394808186,https://openalex.org/W4391337233
https://openalex.org/W4416816615,https://openalex.org/W3212727942
https://openalex.org/W4410288505,https://openalex.org/W4307415559
https://openalex.org/W4385294870,https://openalex.org/W3169562850
https://openalex.org/W4385294870,https://openalex.org/W3183210997
https://openalex.org/W4416266039,https://openalex.org/W4411715381
https://openalex.org/W4411866593,https://openalex.org/W3152706179
https://openalex.org/W4411866593,https://openalex.org/W4206230858
https://openalex.org/W4385858218,https://openalex.org/W4220894285
https://openalex.org/W4385858218,https://openalex.org/W4221127539
https://openalex.org/W4385858218,https://openalex.org/W4282921883
https://openalex.org/W4385858218,https://openalex.org/W4312204992
https://openalex.org/W4390829174,https://openalex.org/W4372054953
https://openalex.org/W4412469438,https://openalex.org/W4384829115
https://openalex.org/W3207372427,https://openalex.org/W2797547379
https://openalex.org/W3207372427,https://openalex.org/W3189426211
https://openalex.org/W4410924854,https://openalex.org/W4206371996
https://openalex.org/W4410924854,https://openalex.org/W4226373550
https://openalex.org/W4410924854,https://openalex.org/W4306317693
https://openalex.org/W4410924854,https://openalex.org/W4406203512
https://openalex.org/W4410924854,https://openalex.org/W4410219522
https://openalex.org/W4410924854,https://openalex.org/W4410740698
https://openalex.org/W7203860612,https://openalex.org/W4288036471
https://openalex.org/W7203860612,https://openalex.org/W4361215213
https://openalex.org/W7203860612,https://openalex.org/W4385740330
https://openalex.org/W7203860612,https://openalex.org/W4402792620
https://openalex.org/W7203860612,https://openalex.org/W4416395547
https://openalex.org/W4410040007,https://openalex.org/W4313680195
https://openalex.org/W4410040007,https://openalex.org/W4388108488
https://openalex.org/W4410040007,https://openalex.org/W4391095014
https://openalex.org/W4410040007,https://openalex.org/W4391986756
https://openalex.org/W4410040007,https://openalex.org/W4393183862
https://openalex.org/W4410040007,https://openalex.org/W4399282167
https://openalex.org/W4410040007,https://openalex.org/W4400409887
https://openalex.org/W4410040007,https://openalex.org/W4400409906
https://openalex.org/W4410040007,https://openalex.org/W4400909494
https://openalex.org/W4410040007,https://openalex.org/W4405755165
https://openalex.org/W4410040007,https://openalex.org/W4405755277
https://openalex.org/W4410040007,https://openalex.org/W4405755896
https://openalex.org/W4410040007,https://openalex.org/W4407357370
https://openalex.org/W4409001781,https://openalex.org/W4380729415
https://openalex.org/W4409001781,https://openalex.org/W4393901689
https://openalex.org/W7172484108,https://openalex.org/W4404790179
https://openalex.org/W4306818326,https://openalex.org/W3199202305
https://openalex.org/W4306818326,https://openalex.org/W3205494822
https://openalex.org/W4306818326,https://openalex.org/W3206812573
https://openalex.org/W4306818326,https://openalex.org/W3215183721
https://openalex.org/W4306818326,https://openalex.org/W4285093237
https://openalex.org/W4306818326,https://openalex.org/W4293693009
https://openalex.org/W3193583625,https://openalex.org/W3142157418
https://openalex.org/W4328049125,https://openalex.org/W3164530835
https://openalex.org/W7134933191,https://openalex.org/W3047371806
https://openalex.org/W4415762252,https://openalex.org/W3164986902
https://openalex.org/W4389085794,https://openalex.org/W3135010812
https://openalex.org/W7162309007,https://openalex.org/W4384931599
https://openalex.org/W7162309007,https://openalex.org/W4391988510
https://openalex.org/W7162309007,https://openalex.org/W4404378610
https://openalex.org/W7162309007,https://openalex.org/W4408055233
https://openalex.org/W4391898790,https://openalex.org/W3129711800
https://openalex.org/W4391898790,https://openalex.org/W3200021964
https://openalex.org/W4391898790,https://openalex.org/W4224871336
https://openalex.org/W4391898790,https://openalex.org/W4307125471
https://openalex.org/W4391898790,https://openalex.org/W4313325369
https://openalex.org/W4391898790,https://openalex.org/W4386083666
https://openalex.org/W4388898709,https://openalex.org/W3210367424
https://openalex.org/W4388898709,https://openalex.org/W4366351954
https://openalex.org/W4415069876,https://openalex.org/W4401405092
https://openalex.org/W4386029291,https://openalex.org/W4366219966
https://openalex.org/W4386029291,https://openalex.org/W4388725593
https://openalex.org/W4383913182,https://openalex.org/W3167585398
https://openalex.org/W4394577886,https://openalex.org/W3168212288
https://openalex.org/W4394577886,https://openalex.org/W4206197282
https://openalex.org/W4396833712,https://openalex.org/W4226306364
https://openalex.org/W4396833712,https://openalex.org/W4317926929
https://openalex.org/W3205094442,https://openalex.org/W3133495528
https://openalex.org/W4417268096,https://openalex.org/W3112618968
https://openalex.org/W4417268096,https://openalex.org/W3178960719
https://openalex.org/W4417268096,https://openalex.org/W4385269804
https://openalex.org/W4417268096,https://openalex.org/W4385618144
https://openalex.org/W4417268096,https://openalex.org/W4394905311
https://openalex.org/W4417268096,https://openalex.org/W4397018998
https://openalex.org/W4417268096,https://openalex.org/W4405250163
https://openalex.org/W4417268096,https://openalex.org/W4407899023
https://openalex.org/W4417268096,https://openalex.org/W4408003660
https://openalex.org/W4296309276,https://openalex.org/W3173161270
https://openalex.org/W4296309276,https://openalex.org/W4290630734
https://openalex.org/W4401317605,https://openalex.org/W4386890650
https://openalex.org/W4401317605,https://openalex.org/W4388035568
https://openalex.org/W7115728665,https://openalex.org/W4386820469
https://openalex.org/W4200189821,https://openalex.org/W4200189821
https://openalex.org/W4401179048,https://openalex.org/W3124269465
https://openalex.org/W4401179048,https://openalex.org/W4376614309
https://openalex.org/W4319729410,https://openalex.org/W3013345219
https://openalex.org/W4319729410,https://openalex.org/W4319730355
https://openalex.org/W7166819526,https://openalex.org/W4365998129
https://openalex.org/W4398231374,https://openalex.org/W3146398046
https://openalex.org/W4398231374,https://openalex.org/W4289174183
https://openalex.org/W4398231374,https://openalex.org/W4386198630
https://openalex.org/W7158850145,https://openalex.org/W4224871336
https://openalex.org/W7158850145,https://openalex.org/W4307125471
https://openalex.org/W7158850145,https://openalex.org/W4366352829
https://openalex.org/W7158850145,https://openalex.org/W4388900964
https://openalex.org/W7158850145,https://openalex.org/W4391898790
https://openalex.org/W7158850145,https://openalex.org/W4398236893
https://openalex.org/W7158850145,https://openalex.org/W4402266102
https://openalex.org/W7158850145,https://openalex.org/W4407233873
https://openalex.org/W4379967642,https://openalex.org/W3209616586
https://openalex.org/W7163049568,https://openalex.org/W3198005760
https://openalex.org/W7163049568,https://openalex.org/W4225571916
https://openalex.org/W7163049568,https://openalex.org/W4403776346
https://openalex.org/W7163049568,https://openalex.org/W7117581759
https://openalex.org/W4410773443,https://openalex.org/W3112618968
https://openalex.org/W4410773443,https://openalex.org/W3178960719
https://openalex.org/W4410773443,https://openalex.org/W3184682622
https://openalex.org/W4410773443,https://openalex.org/W3215353309
https://openalex.org/W4410773443,https://openalex.org/W3217553164
https://openalex.org/W4410773443,https://openalex.org/W4387894048
https://openalex.org/W4410773443,https://openalex.org/W4394905311
https://openalex.org/W4220895847,https://openalex.org/W3137771878
https://openalex.org/W4205930461,https://openalex.org/W3126665462
https://openalex.org/W4205930461,https://openalex.org/W3136533732
https://openalex.org/W4205930461,https://openalex.org/W3153769838
https://openalex.org/W4205930461,https://openalex.org/W3194936931
https://openalex.org/W4205930461,https://openalex.org/W3195176717
https://openalex.org/W4205930461,https://openalex.org/W4243447653
https://openalex.org/W4205930461,https://openalex.org/W4285732530
https://openalex.org/W3206515692,https://openalex.org/W3164442613
https://openalex.org/W3206515692,https://openalex.org/W3170486725
https://openalex.org/W4383739206,https://openalex.org/W3167585398
https://openalex.org/W4401748815,https://openalex.org/W3041629860
https://openalex.org/W4410163039,https://openalex.org/W4313488176
https://openalex.org/W4387950718,https://openalex.org/W4287509796
https://openalex.org/W4411290764,https://openalex.org/W4392158813
https://openalex.org/W4411045628,https://openalex.org/W3216107797
https://openalex.org/W4382699905,https://openalex.org/W3120533342
https://openalex.org/W4402568571,https://openalex.org/W4295900181
https://openalex.org/W4402568571,https://openalex.org/W4391378979
https://openalex.org/W4316037804,https://openalex.org/W3126737939
https://openalex.org/W4297097433,https://openalex.org/W3119402276
https://openalex.org/W4297097433,https://openalex.org/W3215754791
https://openalex.org/W4297097433,https://openalex.org/W4237674139
https://openalex.org/W4319721349,https://openalex.org/W3214399682
https://openalex.org/W4319721349,https://openalex.org/W4210437840
https://openalex.org/W4319721349,https://openalex.org/W4210653628
https://openalex.org/W4319721349,https://openalex.org/W4289518974
https://openalex.org/W4319721349,https://openalex.org/W4297473357
https://openalex.org/W4396659484,https://openalex.org/W4306252531
https://openalex.org/W4411370531,https://openalex.org/W4382021612
https://openalex.org/W4312692766,https://openalex.org/W3199773535
https://openalex.org/W4382539202,https://openalex.org/W3118259108
https://openalex.org/W4376503729,https://openalex.org/W4376503729
https://openalex.org/W4319293662,https://openalex.org/W3126150405
https://openalex.org/W4319293662,https://openalex.org/W3167088720
https://openalex.org/W4319293662,https://openalex.org/W4214879128
https://openalex.org/W4319293662,https://openalex.org/W4220702467
https://openalex.org/W4309722184,https://openalex.org/W3161352172
https://openalex.org/W3134592312,https://openalex.org/W3134592312
https://openalex.org/W4309592844,https://openalex.org/W4206144033
https://openalex.org/W4400053396,https://openalex.org/W4379011314
https://openalex.org/W2963771724,https://openalex.org/W3159700110
https://openalex.org/W2963771724,https://openalex.org/W4200132757
https://openalex.org/W7169061650,https://openalex.org/W4205556422
https://openalex.org/W7169061650,https://openalex.org/W4292489368
https://openalex.org/W7169061650,https://openalex.org/W4388035249
https://openalex.org/W4377942857,https://openalex.org/W3167768535
https://openalex.org/W4377942857,https://openalex.org/W4306772682
https://openalex.org/W4377942857,https://openalex.org/W4316037804
https://openalex.org/W4400986370,https://openalex.org/W4226421330
https://openalex.org/W4318539318,https://openalex.org/W3152004454
https://openalex.org/W4318539318,https://openalex.org/W3167739453
https://openalex.org/W4318539318,https://openalex.org/W3216074857
https://openalex.org/W4281731903,https://openalex.org/W4205778639
https://openalex.org/W4410169770,https://openalex.org/W4386610153
https://openalex.org/W4410169770,https://openalex.org/W4387048873
https://openalex.org/W4410169770,https://openalex.org/W4404171400
https://openalex.org/W4399535118,https://openalex.org/W4399535322
https://openalex.org/W4399535118,https://openalex.org/W4399535331
https://openalex.org/W4399535118,https://openalex.org/W4399535373
https://openalex.org/W4406864562,https://openalex.org/W4280519765
https://openalex.org/W4391957685,https://openalex.org/W3162483180
https://openalex.org/W4391957685,https://openalex.org/W3181300103
https://openalex.org/W4391957685,https://openalex.org/W4382364266
https://openalex.org/W7167105497,https://openalex.org/W4385448227
https://openalex.org/W7125641320,https://openalex.org/W4395053413
https://openalex.org/W4310528218,https://openalex.org/W4286203437
https://openalex.org/W4310528218,https://openalex.org/W4312067237
https://openalex.org/W7163644265,https://openalex.org/W4399118441
https://openalex.org/W7163644265,https://openalex.org/W4413253801
https://openalex.org/W4388304264,https://openalex.org/W3179303093
https://openalex.org/W4388304264,https://openalex.org/W3185740305
https://openalex.org/W4388304264,https://openalex.org/W4282971422
https://openalex.org/W4388304264,https://openalex.org/W4294785862
https://openalex.org/W4388288615,https://openalex.org/W3202949964
https://openalex.org/W4388288615,https://openalex.org/W4310813152
https://openalex.org/W4411058607,https://openalex.org/W4399282324
https://openalex.org/W4313622552,https://openalex.org/W3120569425
https://openalex.org/W4313622552,https://openalex.org/W3168316121
https://openalex.org/W4313622552,https://openalex.org/W3210571042
https://openalex.org/W4313622552,https://openalex.org/W4283767955
https://openalex.org/W4388826298,https://openalex.org/W3167088720
https://openalex.org/W4388826298,https://openalex.org/W4220702467
https://openalex.org/W4388035568,https://openalex.org/W3119224404
https://openalex.org/W4408211869,https://openalex.org/W3126627207
https://openalex.org/W4408211869,https://openalex.org/W3136002517
https://openalex.org/W4408211869,https://openalex.org/W3197848201
https://openalex.org/W4408211869,https://openalex.org/W4395052434
https://openalex.org/W4412724683,https://openalex.org/W4399486980
https://openalex.org/W4387640981,https://openalex.org/W4385900045
https://openalex.org/W7134138421,https://openalex.org/W4312090027
https://openalex.org/W7134138421,https://openalex.org/W4387199899
https://openalex.org/W7134138421,https://openalex.org/W4387364067
https://openalex.org/W7134138421,https://openalex.org/W4402467140
https://openalex.org/W7134138421,https://openalex.org/W4403158497
https://openalex.org/W7134138421,https://openalex.org/W4411456762
https://openalex.org/W7134138421,https://openalex.org/W4411904064
https://openalex.org/W7134138421,https://openalex.org/W4413700838
https://openalex.org/W4405698013,https://openalex.org/W4296162974
https://openalex.org/W4405698013,https://openalex.org/W4398236966
https://openalex.org/W4405698013,https://openalex.org/W4399365886
https://openalex.org/W4405698013,https://openalex.org/W4403718040
https://openalex.org/W4387735587,https://openalex.org/W4308139147
https://openalex.org/W4400405673,https://openalex.org/W4232237566
https://openalex.org/W4400405673,https://openalex.org/W4281263642
https://openalex.org/W4400405673,https://openalex.org/W4292092839
https://openalex.org/W4400405673,https://openalex.org/W4384298148
https://openalex.org/W4400405673,https://openalex.org/W4385857903
https://openalex.org/W4391927623,https://openalex.org/W4293032727
https://openalex.org/W4402897727,https://openalex.org/W4393965227
https://openalex.org/W4401388352,https://openalex.org/W4285223321
https://openalex.org/W4401388352,https://openalex.org/W4390410826
https://openalex.org/W4284885467,https://openalex.org/W3187441665
https://openalex.org/W4284885467,https://openalex.org/W3200302861
https://openalex.org/W4401567686,https://openalex.org/W4312219141
https://openalex.org/W4411361382,https://openalex.org/W4394905311
https://openalex.org/W4313568006,https://openalex.org/W3209814434
https://openalex.org/W4313568006,https://openalex.org/W4223541099
https://openalex.org/W7129282161,https://openalex.org/W4304632249
https://openalex.org/W7163515438,https://openalex.org/W4402686454
https://openalex.org/W7163515438,https://openalex.org/W4407411931
https://openalex.org/W7163515438,https://openalex.org/W4410502120
https://openalex.org/W7163515438,https://openalex.org/W7125902725
https://openalex.org/W7163515438,https://openalex.org/W7128160513
https://openalex.org/W4392292932,https://openalex.org/W4213252554
https://openalex.org/W4408457781,https://openalex.org/W4205737363
https://openalex.org/W4408457781,https://openalex.org/W4402826743
https://openalex.org/W4298859189,https://openalex.org/W4205710934
https://openalex.org/W4320342317,https://openalex.org/W3081572918
https://openalex.org/W4320342317,https://openalex.org/W3162763036
https://openalex.org/W4385349270,https://openalex.org/W4385349270
https://openalex.org/W4220696934,https://openalex.org/W3139798200
https://openalex.org/W4220696934,https://openalex.org/W3207477325
https://openalex.org/W4410806251,https://openalex.org/W4280553598
https://openalex.org/W4410806251,https://openalex.org/W4378566993
https://openalex.org/W7161697726,https://openalex.org/W4400075686
https://openalex.org/W4308891310,https://openalex.org/W3125602806
https://openalex.org/W4308891310,https://openalex.org/W3201656105
https://openalex.org/W4308891310,https://openalex.org/W4225818051
https://openalex.org/W4407770205,https://openalex.org/W2963002078
https://openalex.org/W4414957558,https://openalex.org/W4404630819
https://openalex.org/W4368353799,https://openalex.org/W3159700110
https://openalex.org/W4368353799,https://openalex.org/W4200470488
https://openalex.org/W4319662655,https://openalex.org/W4221048977
https://openalex.org/W4392626917,https://openalex.org/W4392626917
https://openalex.org/W4400359810,https://openalex.org/W4293245256
https://openalex.org/W4400359810,https://openalex.org/W4366493057
https://openalex.org/W4406407394,https://openalex.org/W3207259074
https://openalex.org/W4406407394,https://openalex.org/W4384655958
https://openalex.org/W4365211514,https://openalex.org/W4365211529
https://openalex.org/W4407304018,https://openalex.org/W4367282060
https://openalex.org/W4387580225,https://openalex.org/W3161243997
https://openalex.org/W4407601482,https://openalex.org/W4313654422
https://openalex.org/W4387934288,https://openalex.org/W3203793663
https://openalex.org/W4389828498,https://openalex.org/W4213428903
https://openalex.org/W7138164489,https://openalex.org/W4366814467
https://openalex.org/W4376983099,https://openalex.org/W3120584803
https://openalex.org/W4376983099,https://openalex.org/W3135045610
https://openalex.org/W4376983099,https://openalex.org/W3178960719
https://openalex.org/W4376983099,https://openalex.org/W3214847695
https://openalex.org/W7141815178,https://openalex.org/W3129426031
https://openalex.org/W7141815178,https://openalex.org/W4309244557
https://openalex.org/W7141815178,https://openalex.org/W4372214840
https://openalex.org/W7141815178,https://openalex.org/W4391464187
https://openalex.org/W7141815178,https://openalex.org/W4403965451
https://openalex.org/W4417341979,https://openalex.org/W4322749372
https://openalex.org/W4417341979,https://openalex.org/W4387199899
https://openalex.org/W4417341979,https://openalex.org/W4387968801
https://openalex.org/W4417341979,https://openalex.org/W4388033873
https://openalex.org/W4417341979,https://openalex.org/W4391474836
https://openalex.org/W4417341979,https://openalex.org/W4403432518
https://openalex.org/W4417341979,https://openalex.org/W4407371331
https://openalex.org/W4417341979,https://openalex.org/W4413700838
https://openalex.org/W4415293897,https://openalex.org/W3110382623
https://openalex.org/W4415293897,https://openalex.org/W3214229048
https://openalex.org/W4415293897,https://openalex.org/W4309174798
https://openalex.org/W4415293897,https://openalex.org/W4311584602
https://openalex.org/W4415293897,https://openalex.org/W4379768780
https://openalex.org/W4415293897,https://openalex.org/W4387526240
https://openalex.org/W4415293897,https://openalex.org/W4401520389
https://openalex.org/W4391273012,https://openalex.org/W3085837059
https://openalex.org/W4391273012,https://openalex.org/W3112618968
https://openalex.org/W4391273012,https://openalex.org/W3135045610
https://openalex.org/W4391273012,https://openalex.org/W3178960719
https://openalex.org/W4391273012,https://openalex.org/W4283803434
https://openalex.org/W4391273012,https://openalex.org/W4285371578
https://openalex.org/W4210364767,https://openalex.org/W3126770590
https://openalex.org/W4210364767,https://openalex.org/W3135123986
https://openalex.org/W4210364767,https://openalex.org/W3197136278
https://openalex.org/W7166737857,https://openalex.org/W3101000142
https://openalex.org/W7166737857,https://openalex.org/W3112618968
https://openalex.org/W7166737857,https://openalex.org/W3178960719
https://openalex.org/W7166737857,https://openalex.org/W4394905311
https://openalex.org/W7166737857,https://openalex.org/W4394905312
https://openalex.org/W7166737857,https://openalex.org/W4401211033
https://openalex.org/W7143870900,https://openalex.org/W4390405440
https://openalex.org/W7143870900,https://openalex.org/W4411180549
https://openalex.org/W4408248038,https://openalex.org/W4210857417
https://openalex.org/W4408248038,https://openalex.org/W4391514345
https://openalex.org/W4403128476,https://openalex.org/W4323032095
https://openalex.org/W7165915458,https://openalex.org/W3128520512
https://openalex.org/W7165915458,https://openalex.org/W3217405928
https://openalex.org/W4398150900,https://openalex.org/W4391305011
https://openalex.org/W4366423648,https://openalex.org/W3167585398
https://openalex.org/W4366423648,https://openalex.org/W4212808877
https://openalex.org/W4321097797,https://openalex.org/W4286697925
https://openalex.org/W4321097797,https://openalex.org/W4288060393
https://openalex.org/W4409406568,https://openalex.org/W4401097627
https://openalex.org/W4409282267,https://openalex.org/W4206197282
https://openalex.org/W4409282267,https://openalex.org/W4220847391
https://openalex.org/W4409282267,https://openalex.org/W4322502928
https://openalex.org/W4409282267,https://openalex.org/W4392084938
https://openalex.org/W4409282267,https://openalex.org/W4394820409
https://openalex.org/W4416598946,https://openalex.org/W4372214840
https://openalex.org/W4416598946,https://openalex.org/W4387671652
https://openalex.org/W4416598946,https://openalex.org/W4408173943
https://openalex.org/W4413534268,https://openalex.org/W4281487631
https://openalex.org/W4320006265,https://openalex.org/W4320006265
https://openalex.org/W4399240508,https://openalex.org/W2990187828
https://openalex.org/W4399240508,https://openalex.org/W3122929861
https://openalex.org/W4399240508,https://openalex.org/W4220881793
https://openalex.org/W4399240508,https://openalex.org/W4233409362
https://openalex.org/W4399240508,https://openalex.org/W4288074629
https://openalex.org/W4399240508,https://openalex.org/W4294266274
https://openalex.org/W4399240508,https://openalex.org/W4311446162
https://openalex.org/W4399240508,https://openalex.org/W4319072926
https://openalex.org/W4399240508,https://openalex.org/W4328110954
https://openalex.org/W4399240508,https://openalex.org/W4376637223
https://openalex.org/W4399240508,https://openalex.org/W4387618506
https://openalex.org/W4399240508,https://openalex.org/W4391489717
https://openalex.org/W4392904897,https://openalex.org/W4207061014
https://openalex.org/W4392904897,https://openalex.org/W4211148329
https://openalex.org/W4392904897,https://openalex.org/W4392904897
https://openalex.org/W4296062259,https://openalex.org/W3158834634
https://openalex.org/W4410464749,https://openalex.org/W4312198703
https://openalex.org/W4410464749,https://openalex.org/W4387427324
https://openalex.org/W4413400675,https://openalex.org/W3130047823
https://openalex.org/W4413400675,https://openalex.org/W4281667095
https://openalex.org/W4413400675,https://openalex.org/W4391174093
https://openalex.org/W4283819578,https://openalex.org/W3156546236
https://openalex.org/W4283819578,https://openalex.org/W3194023449
https://openalex.org/W4280532161,https://openalex.org/W3130366085
https://openalex.org/W4280532161,https://openalex.org/W3172845662
https://openalex.org/W4280532161,https://openalex.org/W3188366922
https://openalex.org/W4280532161,https://openalex.org/W3198589445
https://openalex.org/W4378713788,https://openalex.org/W3119224404
https://openalex.org/W4378713788,https://openalex.org/W3180799306
https://openalex.org/W4408982638,https://openalex.org/W4385144463
https://openalex.org/W7140317428,https://openalex.org/W4380302786
https://openalex.org/W7168500361,https://openalex.org/W4405341894
https://openalex.org/W3176839860,https://openalex.org/W3153646827
https://openalex.org/W4416096338,https://openalex.org/W3110713251
https://openalex.org/W4416096338,https://openalex.org/W3189026951
https://openalex.org/W4416096338,https://openalex.org/W3210040080
https://openalex.org/W4416096338,https://openalex.org/W3215369792
https://openalex.org/W4416096338,https://openalex.org/W3215689680
https://openalex.org/W4416096338,https://openalex.org/W3217801401
https://openalex.org/W4416096338,https://openalex.org/W4220790564
https://openalex.org/W4416096338,https://openalex.org/W4288033867
https://openalex.org/W4416096338,https://openalex.org/W4294315424
https://openalex.org/W4416096338,https://openalex.org/W4306246979
https://openalex.org/W4416096338,https://openalex.org/W4310648975
https://openalex.org/W4416096338,https://openalex.org/W4322775420
https://openalex.org/W4416096338,https://openalex.org/W4323651929
https://openalex.org/W4416096338,https://openalex.org/W4366988397
https://openalex.org/W4416096338,https://openalex.org/W4367844043
https://openalex.org/W4416096338,https://openalex.org/W4385955786
https://openalex.org/W4416096338,https://openalex.org/W4387613311
https://openalex.org/W4416096338,https://openalex.org/W4389979069
https://openalex.org/W4416096338,https://openalex.org/W4391230929
https://openalex.org/W4416096338,https://openalex.org/W4392871285
https://openalex.org/W4416096338,https://openalex.org/W4395669741
https://openalex.org/W4416096338,https://openalex.org/W4404034510
https://openalex.org/W4416096338,https://openalex.org/W4409707789
https://openalex.org/W4416096338,https://openalex.org/W4410948942
https://openalex.org/W4410410856,https://openalex.org/W4394905311
https://openalex.org/W4410410856,https://openalex.org/W4401211033
https://openalex.org/W4322739184,https://openalex.org/W4297902861
https://openalex.org/W4403253117,https://openalex.org/W3126627207
https://openalex.org/W4403253117,https://openalex.org/W4310949003
https://openalex.org/W4403253117,https://openalex.org/W4387241604
https://openalex.org/W7147333392,https://openalex.org/W4410451354
https://openalex.org/W4387614336,https://openalex.org/W3115202110
https://openalex.org/W4387614336,https://openalex.org/W3154531344
https://openalex.org/W4387564611,https://openalex.org/W3112618968
https://openalex.org/W4391301206,https://openalex.org/W4383227992
https://openalex.org/W3164999091,https://openalex.org/W3164999091
https://openalex.org/W3133042336,https://openalex.org/W3133042336
https://openalex.org/W4413894914,https://openalex.org/W4400491632
https://openalex.org/W4410234257,https://openalex.org/W4317668805
https://openalex.org/W4410234257,https://openalex.org/W4382727268
https://openalex.org/W4410234257,https://openalex.org/W4396533091
https://openalex.org/W4410234257,https://openalex.org/W4402231801
https://openalex.org/W4396735708,https://openalex.org/W4391280680
https://openalex.org/W4411210595,https://openalex.org/W4282960609
https://openalex.org/W4411210595,https://openalex.org/W4401122048
https://openalex.org/W4411210595,https://openalex.org/W4404044062
https://openalex.org/W4220894822,https://openalex.org/W3127676697
https://openalex.org/W4403911399,https://openalex.org/W3036104060
https://openalex.org/W4403911399,https://openalex.org/W4226017481
https://openalex.org/W4403911399,https://openalex.org/W4317606129
https://openalex.org/W4403911399,https://openalex.org/W4390872893
https://openalex.org/W4200058740,https://openalex.org/W3192420192
https://openalex.org/W3121055660,https://openalex.org/W3121055660
https://openalex.org/W4405768787,https://openalex.org/W4293224316
https://openalex.org/W4323066900,https://openalex.org/W4323066900
https://openalex.org/W4389054312,https://openalex.org/W4323366137
https://openalex.org/W4409991161,https://openalex.org/W4284886054
https://openalex.org/W4409991161,https://openalex.org/W4400945529
https://openalex.org/W4407597096,https://openalex.org/W4362583005
https://openalex.org/W4402482605,https://openalex.org/W4214844394
https://openalex.org/W4402482605,https://openalex.org/W4214895181
https://openalex.org/W4386524775,https://openalex.org/W3195678569
https://openalex.org/W4386524775,https://openalex.org/W3204165321
https://openalex.org/W4386524775,https://openalex.org/W4223688201
https://openalex.org/W7161989877,https://openalex.org/W7138893651
https://openalex.org/W7164994591,https://openalex.org/W4406730663
https://openalex.org/W4387189797,https://openalex.org/W4285798580
https://openalex.org/W7164898947,https://openalex.org/W4386448662
https://openalex.org/W4387907771,https://openalex.org/W3151263068
https://openalex.org/W4387907771,https://openalex.org/W4308104477
https://openalex.org/W4288036471,https://openalex.org/W3178664441
https://openalex.org/W4288036471,https://openalex.org/W4288036471
https://openalex.org/W7160381163,https://openalex.org/W3197071257
https://openalex.org/W7160381163,https://openalex.org/W4390237087
https://openalex.org/W4399908043,https://openalex.org/W3198535020
https://openalex.org/W4399908043,https://openalex.org/W4229002009
https://openalex.org/W4399908043,https://openalex.org/W4388747481
https://openalex.org/W3159491787,https://openalex.org/W3159491787
https://openalex.org/W4200614412,https://openalex.org/W3139542841
https://openalex.org/W4200614412,https://openalex.org/W3151634233
https://openalex.org/W4200614412,https://openalex.org/W3162490422
https://openalex.org/W4401724367,https://openalex.org/W4310363169
https://openalex.org/W4401724367,https://openalex.org/W4401725266
https://openalex.org/W4401724367,https://openalex.org/W4401858468
https://openalex.org/W4401724367,https://openalex.org/W4402110527
https://openalex.org/W4401724367,https://openalex.org/W4402259823
https://openalex.org/W3156706387,https://openalex.org/W4239394971
https://openalex.org/W4416170505,https://openalex.org/W4401730022
https://openalex.org/W4385415369,https://openalex.org/W3185354914
https://openalex.org/W4385415369,https://openalex.org/W3209616586
https://openalex.org/W4385415369,https://openalex.org/W4283758544
https://openalex.org/W4385415369,https://openalex.org/W4379967642
https://openalex.org/W4402602622,https://openalex.org/W3191374513
https://openalex.org/W4400859350,https://openalex.org/W3153905165
https://openalex.org/W4400859350,https://openalex.org/W3168036092
https://openalex.org/W4400859350,https://openalex.org/W3209696637
https://openalex.org/W4400859350,https://openalex.org/W3210588285
https://openalex.org/W4400859350,https://openalex.org/W3216245651
https://openalex.org/W7117110270,https://openalex.org/W3161010337
https://openalex.org/W7117110270,https://openalex.org/W4205783479
https://openalex.org/W7117110270,https://openalex.org/W4313608416
https://openalex.org/W7117110270,https://openalex.org/W4319063363
https://openalex.org/W7117110270,https://openalex.org/W4320710181
https://openalex.org/W7117110270,https://openalex.org/W4401638489
https://openalex.org/W7117110270,https://openalex.org/W4411102042
https://openalex.org/W7117110270,https://openalex.org/W4413272459
https://openalex.org/W4408746075,https://openalex.org/W4366423648
https://openalex.org/W4408746075,https://openalex.org/W4383913182
https://openalex.org/W4408746075,https://openalex.org/W4387823409
https://openalex.org/W4380082647,https://openalex.org/W4200522072
https://openalex.org/W7163672928,https://openalex.org/W3134195618
https://openalex.org/W7163672928,https://openalex.org/W3177664440
https://openalex.org/W7163672928,https://openalex.org/W4401158292
https://openalex.org/W7163672928,https://openalex.org/W7118457148
https://openalex.org/W4312222202,https://openalex.org/W3127434288
https://openalex.org/W4402419188,https://openalex.org/W3209926681
https://openalex.org/W4402419188,https://openalex.org/W4400606092
https://openalex.org/W4386170440,https://openalex.org/W4312160059
https://openalex.org/W4206497965,https://openalex.org/W3137771878
https://openalex.org/W4400470396,https://openalex.org/W4200031282
https://openalex.org/W4400470396,https://openalex.org/W4285041363
https://openalex.org/W7171869976,https://openalex.org/W4407359258
https://openalex.org/W4389151390,https://openalex.org/W3119402276
https://openalex.org/W4389151390,https://openalex.org/W4242451804
https://openalex.org/W4317910617,https://openalex.org/W3156962961
https://openalex.org/W4391557721,https://openalex.org/W4221140302
https://openalex.org/W4391557721,https://openalex.org/W4310449368
https://openalex.org/W4391557721,https://openalex.org/W4312219141
https://openalex.org/W4391557721,https://openalex.org/W4361029949
https://openalex.org/W4391557721,https://openalex.org/W4378842868
https://openalex.org/W4391557721,https://openalex.org/W4378843082
https://openalex.org/W4391557721,https://openalex.org/W4386159140
https://openalex.org/W4391557721,https://openalex.org/W4386260189
https://openalex.org/W4391557721,https://openalex.org/W4386260274
https://openalex.org/W4391557721,https://openalex.org/W4390416451
https://openalex.org/W4391557721,https://openalex.org/W4390416467
https://openalex.org/W4414532903,https://openalex.org/W4224871336
https://openalex.org/W4414532903,https://openalex.org/W4307125471
https://openalex.org/W4414532903,https://openalex.org/W4366352829
https://openalex.org/W4414532903,https://openalex.org/W4386485017
https://openalex.org/W4414532903,https://openalex.org/W4388018939
https://openalex.org/W4414532903,https://openalex.org/W4404864724
https://openalex.org/W4392517487,https://openalex.org/W4319442556
https://openalex.org/W4392517487,https://openalex.org/W4323294709
https://openalex.org/W4392517487,https://openalex.org/W4382630818
https://openalex.org/W4412613598,https://openalex.org/W4294712499
https://openalex.org/W4414761582,https://openalex.org/W4394905311
https://openalex.org/W4401073942,https://openalex.org/W4286664746
https://openalex.org/W4402701054,https://openalex.org/W3188504913
https://openalex.org/W4285598884,https://openalex.org/W3170498935
https://openalex.org/W4410530773,https://openalex.org/W4309775127
https://openalex.org/W4324323674,https://openalex.org/W3129683478
https://openalex.org/W4324323674,https://openalex.org/W3199202305
https://openalex.org/W4324323674,https://openalex.org/W3203760617
https://openalex.org/W4324323674,https://openalex.org/W3206812573
https://openalex.org/W4324323674,https://openalex.org/W4283396386
https://openalex.org/W4324323674,https://openalex.org/W4285093237
https://openalex.org/W4324323674,https://openalex.org/W4292519193
https://openalex.org/W4401815542,https://openalex.org/W4306681774
https://openalex.org/W4401815542,https://openalex.org/W4308259629
https://openalex.org/W4401815542,https://openalex.org/W4392816777
https://openalex.org/W4413430600,https://openalex.org/W4400088811
https://openalex.org/W4413430600,https://openalex.org/W4408662430
https://openalex.org/W7201865591,https://openalex.org/W3119224404
https://openalex.org/W7201865591,https://openalex.org/W3180799306
https://openalex.org/W7201865591,https://openalex.org/W4388035568
https://openalex.org/W7201865591,https://openalex.org/W4401317605
https://openalex.org/W7201865591,https://openalex.org/W4414479934
https://openalex.org/W4389053628,https://openalex.org/W3161133637
https://openalex.org/W4389053628,https://openalex.org/W4377087084
https://openalex.org/W4401168827,https://openalex.org/W3205494822
https://openalex.org/W4401168827,https://openalex.org/W3206812573
https://openalex.org/W4401168827,https://openalex.org/W4283396386
https://openalex.org/W4401168827,https://openalex.org/W4317475969
https://openalex.org/W4401168827,https://openalex.org/W4376106638
https://openalex.org/W4377164058,https://openalex.org/W4213116381
https://openalex.org/W4377164058,https://openalex.org/W4280633142
https://openalex.org/W7168256164,https://openalex.org/W3133844370
https://openalex.org/W7168256164,https://openalex.org/W4380201731
https://openalex.org/W4416929042,https://openalex.org/W3162403075
https://openalex.org/W4416929042,https://openalex.org/W4403756919
https://openalex.org/W7126177365,https://openalex.org/W4206050927
https://openalex.org/W7126177365,https://openalex.org/W4282841045
https://openalex.org/W7126177365,https://openalex.org/W4319791717
https://openalex.org/W7126177365,https://openalex.org/W4400986879
https://openalex.org/W4411329649,https://openalex.org/W4312090027
https://openalex.org/W4411329649,https://openalex.org/W4400189994
https://openalex.org/W4411329649,https://openalex.org/W4403158497
https://openalex.org/W4411329649,https://openalex.org/W4407150851
https://openalex.org/W4307339086,https://openalex.org/W4205530631
https://openalex.org/W4415306893,https://openalex.org/W4404034510
https://openalex.org/W4415306893,https://openalex.org/W4225407198
https://openalex.org/W4415306893,https://openalex.org/W4410948942
https://openalex.org/W4415306893,https://openalex.org/W4400354388
https://openalex.org/W4415306893,https://openalex.org/W4323651929
https://openalex.org/W4415306893,https://openalex.org/W4391230929
https://openalex.org/W4415306893,https://openalex.org/W4210817659
https://openalex.org/W4415306893,https://openalex.org/W3215369792
https://openalex.org/W4415306893,https://openalex.org/W4322775420
https://openalex.org/W4415306893,https://openalex.org/W4319752452
https://openalex.org/W4415306893,https://openalex.org/W4396511637
https://openalex.org/W4415306893,https://openalex.org/W4367844043
https://openalex.org/W4415306893,https://openalex.org/W4389979069
https://openalex.org/W4415306893,https://openalex.org/W3210040080
https://openalex.org/W4415306893,https://openalex.org/W4386185084
https://openalex.org/W4415306893,https://openalex.org/W4400733355
https://openalex.org/W4415306893,https://openalex.org/W3110713251
https://openalex.org/W4321850995,https://openalex.org/W4315701226
https://openalex.org/W4321850995,https://openalex.org/W4321850923
https://openalex.org/W4378172903,https://openalex.org/W3171954900
https://openalex.org/W4285214195,https://openalex.org/W3125018023
https://openalex.org/W4285214195,https://openalex.org/W3154775884
https://openalex.org/W4285214195,https://openalex.org/W3203793663
https://openalex.org/W4410759687,https://openalex.org/W4200361400
https://openalex.org/W4410759687,https://openalex.org/W4387440676
https://openalex.org/W4410759687,https://openalex.org/W4396552434
https://openalex.org/W4410759687,https://openalex.org/W4408593207
https://openalex.org/W4410759687,https://openalex.org/W4409975883
https://openalex.org/W4412488678,https://openalex.org/W3137144429
https://openalex.org/W4412488678,https://openalex.org/W3159965249
https://openalex.org/W4412488678,https://openalex.org/W4313909594
https://openalex.org/W4412488678,https://openalex.org/W4378783628
https://openalex.org/W4412488678,https://openalex.org/W4387059948
https://openalex.org/W4412488678,https://openalex.org/W4391953090
https://openalex.org/W4408003134,https://openalex.org/W4200512536
https://openalex.org/W4408003134,https://openalex.org/W4206590563
https://openalex.org/W4408003134,https://openalex.org/W4221002349
https://openalex.org/W4408003134,https://openalex.org/W4302303966
https://openalex.org/W4408003134,https://openalex.org/W4388265872
https://openalex.org/W4408003134,https://openalex.org/W4395118114
https://openalex.org/W4391482332,https://openalex.org/W4372403680
https://openalex.org/W7207532137,https://openalex.org/W4388264954
https://openalex.org/W4281725022,https://openalex.org/W4281725022
https://openalex.org/W4391467620,https://openalex.org/W4200061208
https://openalex.org/W4221104116,https://openalex.org/W3123724586
https://openalex.org/W4221104116,https://openalex.org/W3164057298
https://openalex.org/W4405492845,https://openalex.org/W4405492845
https://openalex.org/W7204126378,https://openalex.org/W3155276450
https://openalex.org/W7204126378,https://openalex.org/W4226540464
https://openalex.org/W7204126378,https://openalex.org/W4285732530
https://openalex.org/W7204126378,https://openalex.org/W4402543876
https://openalex.org/W7204126378,https://openalex.org/W4416051827
https://openalex.org/W4379879274,https://openalex.org/W4206433455
https://openalex.org/W4372347705,https://openalex.org/W4225679046
https://openalex.org/W3210367424,https://openalex.org/W3121033762
https://openalex.org/W4312115258,https://openalex.org/W3204013324
https://openalex.org/W4312115258,https://openalex.org/W4205530631
https://openalex.org/W4312115258,https://openalex.org/W4220684961
https://openalex.org/W4312115258,https://openalex.org/W4226317960
https://openalex.org/W4312115258,https://openalex.org/W4281713363
https://openalex.org/W4390532444,https://openalex.org/W4226456618
https://openalex.org/W4390532444,https://openalex.org/W4321780060
https://openalex.org/W4390532444,https://openalex.org/W4381162728
https://openalex.org/W4403826277,https://openalex.org/W3205473929
https://openalex.org/W4400350703,https://openalex.org/W4200157778
https://openalex.org/W4400350703,https://openalex.org/W4312645560
https://openalex.org/W4404064678,https://openalex.org/W4324307193
https://openalex.org/W3204013324,https://openalex.org/W3162422109
https://openalex.org/W4403605908,https://openalex.org/W3143807503
https://openalex.org/W4403605908,https://openalex.org/W4313244926
https://openalex.org/W4403605908,https://openalex.org/W4318753833
https://openalex.org/W4403605908,https://openalex.org/W4386449012
https://openalex.org/W4403605908,https://openalex.org/W4387405484
https://openalex.org/W4403605908,https://openalex.org/W4392028327
https://openalex.org/W4226409388,https://openalex.org/W4401418842
https://openalex.org/W4414041436,https://openalex.org/W4205745693
https://openalex.org/W4402526648,https://openalex.org/W3147046690
https://openalex.org/W4402526648,https://openalex.org/W4294771031
https://openalex.org/W4402526648,https://openalex.org/W4400461332
https://openalex.org/W4307946530,https://openalex.org/W3127063032
https://openalex.org/W4307946530,https://openalex.org/W3183329356
https://openalex.org/W4307946530,https://openalex.org/W4280513925
https://openalex.org/W4307946530,https://openalex.org/W4293101993
https://openalex.org/W4412881926,https://openalex.org/W3214483552
https://openalex.org/W4412881926,https://openalex.org/W4376106638
https://openalex.org/W4412881926,https://openalex.org/W4402893164
https://openalex.org/W4412881926,https://openalex.org/W4404969374
https://openalex.org/W4395690554,https://openalex.org/W3160396334
https://openalex.org/W4415634615,https://openalex.org/W4403456065
https://openalex.org/W4300961415,https://openalex.org/W3191420927
https://openalex.org/W4405926006,https://openalex.org/W3155699251
https://openalex.org/W4405926006,https://openalex.org/W4213126820
https://openalex.org/W4405366325,https://openalex.org/W4313261770
https://openalex.org/W4405366325,https://openalex.org/W4390627951
https://openalex.org/W4405366325,https://openalex.org/W4392363657
https://openalex.org/W4405366325,https://openalex.org/W4396610491
https://openalex.org/W4405366325,https://openalex.org/W4405904096
https://openalex.org/W7131376087,https://openalex.org/W3121709350
https://openalex.org/W7131376087,https://openalex.org/W4287730306
https://openalex.org/W7131376087,https://openalex.org/W4393973765
https://openalex.org/W7131376087,https://openalex.org/W4400765308
https://openalex.org/W7131376087,https://openalex.org/W4408540867
https://openalex.org/W4407103033,https://openalex.org/W4385737936
https://openalex.org/W3208775295,https://openalex.org/W3126150405
https://openalex.org/W3208775295,https://openalex.org/W3208698242
https://openalex.org/W3208775295,https://openalex.org/W3208775295
https://openalex.org/W3208775295,https://openalex.org/W4200031282
https://openalex.org/W3208775295,https://openalex.org/W4220702467
https://openalex.org/W4280511282,https://openalex.org/W3186043875
https://openalex.org/W4379162357,https://openalex.org/W3181388921
https://openalex.org/W4379162357,https://openalex.org/W4200080921
https://openalex.org/W4379162357,https://openalex.org/W4214624088
https://openalex.org/W4379162357,https://openalex.org/W4318262978
https://openalex.org/W4401756028,https://openalex.org/W4389739515
https://openalex.org/W4321434587,https://openalex.org/W3192679399
https://openalex.org/W4321434587,https://openalex.org/W4321434587
https://openalex.org/W4417297521,https://openalex.org/W3207398571
https://openalex.org/W4281296328,https://openalex.org/W3151263068
https://openalex.org/W4281296328,https://openalex.org/W3185261144
https://openalex.org/W4308586468,https://openalex.org/W4285794562
https://openalex.org/W3169530204,https://openalex.org/W3129711800
https://openalex.org/W3169530204,https://openalex.org/W3164962350
https://openalex.org/W4376280539,https://openalex.org/W3211998835
https://openalex.org/W4293234099,https://openalex.org/W4389795396
https://openalex.org/W7131210950,https://openalex.org/W4386023968
https://openalex.org/W4399807029,https://openalex.org/W4391173042
https://openalex.org/W4393020422,https://openalex.org/W3156246440
https://openalex.org/W4402974986,https://openalex.org/W4385855376
https://openalex.org/W4386493472,https://openalex.org/W3163645381
https://openalex.org/W4386493472,https://openalex.org/W4220730018
https://openalex.org/W4386493472,https://openalex.org/W4225679046
https://openalex.org/W4386493472,https://openalex.org/W4368365301
https://openalex.org/W4324129379,https://openalex.org/W3160042961
https://openalex.org/W4324129379,https://openalex.org/W3192679399
https://openalex.org/W7154151929,https://openalex.org/W4221048977
https://openalex.org/W7154151929,https://openalex.org/W4324027287
https://openalex.org/W7154151929,https://openalex.org/W4386026206
https://openalex.org/W7154151929,https://openalex.org/W4407241482
https://openalex.org/W4389046812,https://openalex.org/W3013345219
https://openalex.org/W4389046812,https://openalex.org/W3140674682
https://openalex.org/W4389046812,https://openalex.org/W4319730355
https://openalex.org/W4389046812,https://openalex.org/W4388694194
https://openalex.org/W4417330790,https://openalex.org/W4213126820
https://openalex.org/W4417330790,https://openalex.org/W4214887011
https://openalex.org/W4417330790,https://openalex.org/W4391479301
https://openalex.org/W4372403680,https://openalex.org/W3127625155
https://openalex.org/W4372403680,https://openalex.org/W3160643592
https://openalex.org/W3214280582,https://openalex.org/W3126627207
https://openalex.org/W3214280582,https://openalex.org/W3135123986
https://openalex.org/W7115942987,https://openalex.org/W3194709117
https://openalex.org/W7115942987,https://openalex.org/W4402330653
https://openalex.org/W7115942987,https://openalex.org/W4402410547
https://openalex.org/W7166577123,https://openalex.org/W4383876504
https://openalex.org/W7166577123,https://openalex.org/W4402630123
https://openalex.org/W7166577123,https://openalex.org/W4403560371
https://openalex.org/W7166577123,https://openalex.org/W7125976487
https://openalex.org/W4405886174,https://openalex.org/W4313475740
https://openalex.org/W4293180452,https://openalex.org/W3203669300
https://openalex.org/W4408804059,https://openalex.org/W4394821792
https://openalex.org/W4295950458,https://openalex.org/W3127444346
https://openalex.org/W4412117045,https://openalex.org/W4403551991
https://openalex.org/W4412117045,https://openalex.org/W4409151655
https://openalex.org/W4386572979,https://openalex.org/W3213276340
https://openalex.org/W4386572979,https://openalex.org/W4281667012
https://openalex.org/W4289517000,https://openalex.org/W4289517000
https://openalex.org/W3164439041,https://openalex.org/W3206455555
https://openalex.org/W4415721422,https://openalex.org/W4394905311
https://openalex.org/W4407800927,https://openalex.org/W4390752108
https://openalex.org/W4206228426,https://openalex.org/W3034663305
https://openalex.org/W4224253866,https://openalex.org/W4224253866
https://openalex.org/W4293537682,https://openalex.org/W3087962370
https://openalex.org/W4405222513,https://openalex.org/W4362554019
https://openalex.org/W4405222513,https://openalex.org/W4379209248
https://openalex.org/W4390414973,https://openalex.org/W4313594150
https://openalex.org/W4417186281,https://openalex.org/W4388942497
https://openalex.org/W4408903481,https://openalex.org/W4366178537
https://openalex.org/W4408903481,https://openalex.org/W4392906835
https://openalex.org/W4289888529,https://openalex.org/W3101000142
https://openalex.org/W4411309823,https://openalex.org/W4407131452
https://openalex.org/W3153769838,https://openalex.org/W3111211383
https://openalex.org/W3153769838,https://openalex.org/W3136533732
https://openalex.org/W3153769838,https://openalex.org/W3159111439
https://openalex.org/W3153769838,https://openalex.org/W4285732530
https://openalex.org/W4403158497,https://openalex.org/W4312090027
https://openalex.org/W4403158497,https://openalex.org/W4386156938
https://openalex.org/W4403158497,https://openalex.org/W4391431615
https://openalex.org/W4297237783,https://openalex.org/W4225637113
https://openalex.org/W4388526842,https://openalex.org/W4310228499
https://openalex.org/W4414613475,https://openalex.org/W4243447653
https://openalex.org/W4414613475,https://openalex.org/W4372298597
https://openalex.org/W4414613475,https://openalex.org/W4393383512
https://openalex.org/W4401078416,https://openalex.org/W4308995095
https://openalex.org/W7169066971,https://openalex.org/W4408741031
https://openalex.org/W7203640986,https://openalex.org/W4316020913
https://openalex.org/W4390410601,https://openalex.org/W3174375172
https://openalex.org/W4390410601,https://openalex.org/W4292356720
https://openalex.org/W4390410601,https://openalex.org/W4308179883
https://openalex.org/W7143899055,https://openalex.org/W4384698654
https://openalex.org/W7155201014,https://openalex.org/W4323544460
https://openalex.org/W3172436430,https://openalex.org/W3133968203
https://openalex.org/W4415614699,https://openalex.org/W4321433777
https://openalex.org/W4415614699,https://openalex.org/W4322749372
https://openalex.org/W4386571678,https://openalex.org/W3152675624
https://openalex.org/W4379660340,https://openalex.org/W3133511895
https://openalex.org/W4416964866,https://openalex.org/W4391591351
https://openalex.org/W4416964866,https://openalex.org/W4394872268
https://openalex.org/W4416964866,https://openalex.org/W3112618968
https://openalex.org/W4416964866,https://openalex.org/W3131624221
https://openalex.org/W4416964866,https://openalex.org/W4394905311
https://openalex.org/W4416964866,https://openalex.org/W3178960719
https://openalex.org/W4400224645,https://openalex.org/W4389485197
https://openalex.org/W4400224645,https://openalex.org/W4390154646
https://openalex.org/W4400224645,https://openalex.org/W4400224645
https://openalex.org/W4404043888,https://openalex.org/W3118431863
https://openalex.org/W4404043888,https://openalex.org/W3129042760
https://openalex.org/W4404043888,https://openalex.org/W3216781648
https://openalex.org/W4404043888,https://openalex.org/W4220817734
https://openalex.org/W4404043888,https://openalex.org/W4368356183
https://openalex.org/W4404043888,https://openalex.org/W4389794559
https://openalex.org/W4323041910,https://openalex.org/W3125144605
https://openalex.org/W4323041910,https://openalex.org/W3195347958
https://openalex.org/W7165383958,https://openalex.org/W3118535008
https://openalex.org/W7165383958,https://openalex.org/W3214261773
https://openalex.org/W7165383958,https://openalex.org/W4399863124
https://openalex.org/W7165383958,https://openalex.org/W4408655848
https://openalex.org/W3125583416,https://openalex.org/W3082120346
https://openalex.org/W3125583416,https://openalex.org/W3087430957
https://openalex.org/W4313566541,https://openalex.org/W4224861104
https://openalex.org/W7167816675,https://openalex.org/W4283208926
https://openalex.org/W4385268140,https://openalex.org/W4205325466
https://openalex.org/W4385268140,https://openalex.org/W4210294326
https://openalex.org/W4392002109,https://openalex.org/W3155955096
https://openalex.org/W4392002109,https://openalex.org/W4298393739
https://openalex.org/W4406612564,https://openalex.org/W4296468627
https://openalex.org/W4406612564,https://openalex.org/W4296895841
https://openalex.org/W4406612564,https://openalex.org/W4391151424
https://openalex.org/W4393453440,https://openalex.org/W4385241764
https://openalex.org/W4413387967,https://openalex.org/W4402170856
https://openalex.org/W7123700703,https://openalex.org/W4404981346
https://openalex.org/W4386610153,https://openalex.org/W4200188559
https://openalex.org/W4408845520,https://openalex.org/W4313488176
https://openalex.org/W4399222655,https://openalex.org/W3200883005
https://openalex.org/W4399222655,https://openalex.org/W3211723386
https://openalex.org/W4399222655,https://openalex.org/W4377823342
https://openalex.org/W4293442421,https://openalex.org/W3156823378
https://openalex.org/W4293442421,https://openalex.org/W3181777454
https://openalex.org/W4293442421,https://openalex.org/W4200129045
https://openalex.org/W4293442421,https://openalex.org/W4313366978
https://openalex.org/W4385065052,https://openalex.org/W4295900181
https://openalex.org/W4377823567,https://openalex.org/W3119738836
https://openalex.org/W4377823567,https://openalex.org/W3177246877
https://openalex.org/W4377823567,https://openalex.org/W3194373380
https://openalex.org/W4377823567,https://openalex.org/W3197033820
https://openalex.org/W4377823567,https://openalex.org/W3208303193
https://openalex.org/W4284889003,https://openalex.org/W3157164929
https://openalex.org/W4284889003,https://openalex.org/W4280532161
https://openalex.org/W4220956808,https://openalex.org/W4200303272
https://openalex.org/W3185871720,https://openalex.org/W3125265678
https://openalex.org/W7161278786,https://openalex.org/W4280577216
https://openalex.org/W7161278786,https://openalex.org/W4320710304
https://openalex.org/W7161278786,https://openalex.org/W4384263943
https://openalex.org/W7161278786,https://openalex.org/W4401041008
https://openalex.org/W7161278786,https://openalex.org/W4403584956
https://openalex.org/W7161278786,https://openalex.org/W4407376964
https://openalex.org/W4414491771,https://openalex.org/W3209730426
https://openalex.org/W4414491771,https://openalex.org/W4213428903
https://openalex.org/W4414491771,https://openalex.org/W4324149948
https://openalex.org/W4414491771,https://openalex.org/W4400047965
https://openalex.org/W4411180549,https://openalex.org/W4281765255
https://openalex.org/W4411180549,https://openalex.org/W4283033107
https://openalex.org/W4411180549,https://openalex.org/W4390405440
https://openalex.org/W4367671437,https://openalex.org/W4311885711
https://openalex.org/W7172302314,https://openalex.org/W4392363657
https://openalex.org/W7172302314,https://openalex.org/W4405366325
https://openalex.org/W4404969545,https://openalex.org/W3141303149
https://openalex.org/W4404969545,https://openalex.org/W4312740547
https://openalex.org/W4415340920,https://openalex.org/W4200168703
https://openalex.org/W4415340920,https://openalex.org/W4220980162
https://openalex.org/W7203793609,https://openalex.org/W4409416107
https://openalex.org/W4415618251,https://openalex.org/W4408593207
https://openalex.org/W4415618251,https://openalex.org/W4409975883
https://openalex.org/W4415618251,https://openalex.org/W4412654552
https://openalex.org/W4318771046,https://openalex.org/W3162171436
https://openalex.org/W4379388866,https://openalex.org/W4309154912
https://openalex.org/W3157532629,https://openalex.org/W3149785283
https://openalex.org/W3157532629,https://openalex.org/W3172436430
https://openalex.org/W4406277833,https://openalex.org/W4311139328
https://openalex.org/W4406277833,https://openalex.org/W4400005926
https://openalex.org/W7140281562,https://openalex.org/W4406633757
https://openalex.org/W4226012864,https://openalex.org/W3137757026
https://openalex.org/W4396781595,https://openalex.org/W4308036860
https://openalex.org/W4396781595,https://openalex.org/W4313476432
https://openalex.org/W4414621155,https://openalex.org/W3178960719
https://openalex.org/W4414621155,https://openalex.org/W4376983099
https://openalex.org/W4225330091,https://openalex.org/W4207077446
https://openalex.org/W4414729898,https://openalex.org/W3159491787
https://openalex.org/W4414729898,https://openalex.org/W3189015187
https://openalex.org/W4414729898,https://openalex.org/W4247459322
https://openalex.org/W4411299582,https://openalex.org/W4385855376
https://openalex.org/W4410572338,https://openalex.org/W4406311112
https://openalex.org/W4305072068,https://openalex.org/W3118786201
https://openalex.org/W4305072068,https://openalex.org/W3165542633
https://openalex.org/W4305072068,https://openalex.org/W4210301930
https://openalex.org/W4392816777,https://openalex.org/W3195285363
https://openalex.org/W4392816777,https://openalex.org/W4229006963
https://openalex.org/W4392816777,https://openalex.org/W4296711220
https://openalex.org/W4392816777,https://openalex.org/W4304996631
https://openalex.org/W4392816777,https://openalex.org/W4306681774
https://openalex.org/W4392816777,https://openalex.org/W4308259629
https://openalex.org/W3211933372,https://openalex.org/W3177664440
https://openalex.org/W4306250673,https://openalex.org/W3139442454
https://openalex.org/W4306250673,https://openalex.org/W4242851664
https://openalex.org/W4389511848,https://openalex.org/W3119904348
https://openalex.org/W4415273068,https://openalex.org/W4404949562
https://openalex.org/W4289518974,https://openalex.org/W3182279934
https://openalex.org/W4289518974,https://openalex.org/W4210437840
https://openalex.org/W4289518974,https://openalex.org/W4210653628
https://openalex.org/W4289518974,https://openalex.org/W4220679612
https://openalex.org/W4289518974,https://openalex.org/W4220845798
https://openalex.org/W4414262873,https://openalex.org/W4388290899
https://openalex.org/W4220722719,https://openalex.org/W4210542780
https://openalex.org/W7171076677,https://openalex.org/W3162960186
https://openalex.org/W7171076677,https://openalex.org/W4378953432
https://openalex.org/W4376225899,https://openalex.org/W3137942294
https://openalex.org/W4376225899,https://openalex.org/W4294199425
https://openalex.org/W7143996785,https://openalex.org/W4386204334
https://openalex.org/W7143996785,https://openalex.org/W4395447128
https://openalex.org/W7143996785,https://openalex.org/W4413069412
https://openalex.org/W7143996785,https://openalex.org/W4415762137
https://openalex.org/W4413033546,https://openalex.org/W4226146010
https://openalex.org/W4413033546,https://openalex.org/W4388797316
https://openalex.org/W4400108661,https://openalex.org/W3156190132
https://openalex.org/W4400108661,https://openalex.org/W4362554019
https://openalex.org/W4385751402,https://openalex.org/W3203338076
https://openalex.org/W4382048940,https://openalex.org/W4289593575
https://openalex.org/W4382048940,https://openalex.org/W4377989727
https://openalex.org/W4393952986,https://openalex.org/W3209696637
https://openalex.org/W4393952986,https://openalex.org/W3216245651
https://openalex.org/W4414729783,https://openalex.org/W3159491787
https://openalex.org/W4414729783,https://openalex.org/W3189015187
https://openalex.org/W4414729783,https://openalex.org/W4388812826
https://openalex.org/W4400556303,https://openalex.org/W3202490030
https://openalex.org/W4400556303,https://openalex.org/W4210754996
https://openalex.org/W4400556303,https://openalex.org/W4220752070
https://openalex.org/W4408757871,https://openalex.org/W3020722186
https://openalex.org/W4408757871,https://openalex.org/W3118196774
https://openalex.org/W4408757871,https://openalex.org/W3130566328
https://openalex.org/W4408757871,https://openalex.org/W4200099481
https://openalex.org/W4408757871,https://openalex.org/W4396832429
https://openalex.org/W4220876558,https://openalex.org/W3200527710
https://openalex.org/W4376603489,https://openalex.org/W3164811361
https://openalex.org/W4210460412,https://openalex.org/W4210460412
https://openalex.org/W3216035538,https://openalex.org/W4308104477
https://openalex.org/W3211780619,https://openalex.org/W3135323475
https://openalex.org/W4387110357,https://openalex.org/W4283654187
https://openalex.org/W4408975064,https://openalex.org/W3163645381
https://openalex.org/W4385839365,https://openalex.org/W4283733087
https://openalex.org/W4385839365,https://openalex.org/W4378174724
https://openalex.org/W4405689740,https://openalex.org/W4401097627
https://openalex.org/W4285802808,https://openalex.org/W3130566328
https://openalex.org/W4285802808,https://openalex.org/W3184319873
https://openalex.org/W4285802808,https://openalex.org/W3207297041
https://openalex.org/W4285802808,https://openalex.org/W4210310905
https://openalex.org/W4410404342,https://openalex.org/W4360604263
https://openalex.org/W4396575125,https://openalex.org/W4312219141
https://openalex.org/W4396575125,https://openalex.org/W4361029949
https://openalex.org/W4396575125,https://openalex.org/W4386159140
https://openalex.org/W4394604217,https://openalex.org/W3161569737
https://openalex.org/W4408164676,https://openalex.org/W4400606092
https://openalex.org/W3120110960,https://openalex.org/W3152783664
https://openalex.org/W4386210331,https://openalex.org/W3146398046
https://openalex.org/W4322502928,https://openalex.org/W4220847391
https://openalex.org/W4322502928,https://openalex.org/W4220934968
https://openalex.org/W7166690750,https://openalex.org/W3139246009
https://openalex.org/W7134065975,https://openalex.org/W4323842700
https://openalex.org/W7131901567,https://openalex.org/W4401038170
https://openalex.org/W7131901567,https://openalex.org/W4401965528
https://openalex.org/W4322096334,https://openalex.org/W3160979606
https://openalex.org/W4392655894,https://openalex.org/W3193821308
https://openalex.org/W4411500065,https://openalex.org/W4225680457
https://openalex.org/W4411500065,https://openalex.org/W4407323147
https://openalex.org/W4411500065,https://openalex.org/W4407702332
https://openalex.org/W3170125905,https://openalex.org/W4398290480
https://openalex.org/W7155373712,https://openalex.org/W4310080604
https://openalex.org/W7155373712,https://openalex.org/W4388203602
https://openalex.org/W4406561778,https://openalex.org/W3134669466
https://openalex.org/W4406561778,https://openalex.org/W3160348949
https://openalex.org/W4406561778,https://openalex.org/W4295308826
https://openalex.org/W7163141458,https://openalex.org/W3168359365
https://openalex.org/W7163141458,https://openalex.org/W4396641340
https://openalex.org/W7163141458,https://openalex.org/W4396808380
https://openalex.org/W7163141458,https://openalex.org/W4413121720
https://openalex.org/W4410176561,https://openalex.org/W3135747102
https://openalex.org/W4410176561,https://openalex.org/W3161325180
https://openalex.org/W4410176561,https://openalex.org/W4286111620
https://openalex.org/W4410176561,https://openalex.org/W4290844201
https://openalex.org/W4410176561,https://openalex.org/W4410176561
https://openalex.org/W3200238241,https://openalex.org/W3157456029
https://openalex.org/W3180799306,https://openalex.org/W3119224404
https://openalex.org/W3180799306,https://openalex.org/W3170486725
https://openalex.org/W4382241818,https://openalex.org/W4317779094
https://openalex.org/W4382241818,https://openalex.org/W4318191270
https://openalex.org/W4408098231,https://openalex.org/W4283071033
https://openalex.org/W4408098231,https://openalex.org/W4288060393
https://openalex.org/W4408098231,https://openalex.org/W4289868138
https://openalex.org/W4408098231,https://openalex.org/W4310086069
https://openalex.org/W4408098231,https://openalex.org/W4377967666
https://openalex.org/W4408098231,https://openalex.org/W4390725253
https://openalex.org/W4408098231,https://openalex.org/W4401963328
https://openalex.org/W4416549351,https://openalex.org/W4285152302
https://openalex.org/W4416549351,https://openalex.org/W4401647394
https://openalex.org/W3167273253,https://openalex.org/W3119614013
https://openalex.org/W3167273253,https://openalex.org/W3148058960
https://openalex.org/W3167273253,https://openalex.org/W3199284718
https://openalex.org/W4413271596,https://openalex.org/W4296343072
https://openalex.org/W4401684286,https://openalex.org/W4317762145
https://openalex.org/W4400913718,https://openalex.org/W4389393067
https://openalex.org/W4400913718,https://openalex.org/W4399525463
https://openalex.org/W4417206532,https://openalex.org/W3163541934
https://openalex.org/W4417206532,https://openalex.org/W4280548475
https://openalex.org/W4417206532,https://openalex.org/W4313366978
https://openalex.org/W4417206532,https://openalex.org/W4387900153
https://openalex.org/W4417206532,https://openalex.org/W7114791902
https://openalex.org/W4281762684,https://openalex.org/W3199253833
https://openalex.org/W7165139063,https://openalex.org/W4320484637
https://openalex.org/W7165139063,https://openalex.org/W4412741670
https://openalex.org/W4416692500,https://openalex.org/W4386789478
https://openalex.org/W4416692500,https://openalex.org/W4407994699
https://openalex.org/W4386156548,https://openalex.org/W3166635828
https://openalex.org/W4388461388,https://openalex.org/W4388461388
https://openalex.org/W4362164230,https://openalex.org/W3155818854
https://openalex.org/W4362164230,https://openalex.org/W3160228726
https://openalex.org/W4415695950,https://openalex.org/W4401710498
https://openalex.org/W4381308402,https://openalex.org/W4220864360
https://openalex.org/W7140189877,https://openalex.org/W4385638969
https://openalex.org/W7138939417,https://openalex.org/W4402322102
https://openalex.org/W7118069314,https://openalex.org/W4392344868
https://openalex.org/W7118069314,https://openalex.org/W4394564357
https://openalex.org/W7118069314,https://openalex.org/W4411359146
https://openalex.org/W7118069314,https://openalex.org/W4415766280
https://openalex.org/W4307967274,https://openalex.org/W4281725022
https://openalex.org/W4307967274,https://openalex.org/W4294740949
https://openalex.org/W4402625831,https://openalex.org/W4366977908
https://openalex.org/W7134178084,https://openalex.org/W3134195618
https://openalex.org/W7134178084,https://openalex.org/W4281767172
https://openalex.org/W7134178084,https://openalex.org/W4289518974
https://openalex.org/W4387671652,https://openalex.org/W3129426031
https://openalex.org/W4387671652,https://openalex.org/W4284699798
https://openalex.org/W4410497564,https://openalex.org/W4214895181
https://openalex.org/W4410497564,https://openalex.org/W4224309308
https://openalex.org/W4385971125,https://openalex.org/W3154420904
https://openalex.org/W7172351165,https://openalex.org/W4367046445
https://openalex.org/W7172351165,https://openalex.org/W4391155210
https://openalex.org/W4390725253,https://openalex.org/W3122744069
https://openalex.org/W4390725253,https://openalex.org/W3127063032
https://openalex.org/W4390725253,https://openalex.org/W3134148631
https://openalex.org/W4390725253,https://openalex.org/W3185053343
https://openalex.org/W4390725253,https://openalex.org/W3198331270
https://openalex.org/W4390725253,https://openalex.org/W4283071033
https://openalex.org/W4390725253,https://openalex.org/W4288060393
https://openalex.org/W4390725253,https://openalex.org/W4289868138
https://openalex.org/W4390725253,https://openalex.org/W4293101993
https://openalex.org/W4390725253,https://openalex.org/W4310086069
https://openalex.org/W4390725253,https://openalex.org/W4311391466
https://openalex.org/W7170684487,https://openalex.org/W4283797869
https://openalex.org/W4405737986,https://openalex.org/W4387180019
https://openalex.org/W4383742132,https://openalex.org/W3216422830
https://openalex.org/W4383742132,https://openalex.org/W4224947484
https://openalex.org/W4383742132,https://openalex.org/W4378072445
https://openalex.org/W4391470347,https://openalex.org/W4323348133
https://openalex.org/W4411401123,https://openalex.org/W4283033107
https://openalex.org/W4388811642,https://openalex.org/W3198335193
https://openalex.org/W4387516115,https://openalex.org/W4378172903
https://openalex.org/W4387516115,https://openalex.org/W4378173074
https://openalex.org/W4210927774,https://openalex.org/W3136337089
https://openalex.org/W4210927774,https://openalex.org/W3206401170
https://openalex.org/W7124243319,https://openalex.org/W3013345219
https://openalex.org/W7124243319,https://openalex.org/W4389046812
https://openalex.org/W7124243319,https://openalex.org/W4396692650
https://openalex.org/W7124243319,https://openalex.org/W4406715464
https://openalex.org/W4388911710,https://openalex.org/W4321445822
https://openalex.org/W7156966379,https://openalex.org/W3118875409
https://openalex.org/W7156966379,https://openalex.org/W3157065452
https://openalex.org/W7156966379,https://openalex.org/W3193223779
https://openalex.org/W7156966379,https://openalex.org/W3203428752
https://openalex.org/W7156966379,https://openalex.org/W4283750065
https://openalex.org/W7156966379,https://openalex.org/W4318052223
https://openalex.org/W7156966379,https://openalex.org/W4379107271
https://openalex.org/W7156966379,https://openalex.org/W4385345197
https://openalex.org/W7156966379,https://openalex.org/W4403945404
https://openalex.org/W7156966379,https://openalex.org/W4404704060
https://openalex.org/W7156966379,https://openalex.org/W4410596650
https://openalex.org/W4405836529,https://openalex.org/W4281643755
https://openalex.org/W4405836529,https://openalex.org/W4385347206
https://openalex.org/W4405836529,https://openalex.org/W4391544407
https://openalex.org/W4395009567,https://openalex.org/W3137510406
https://openalex.org/W4395009567,https://openalex.org/W3210772194
https://openalex.org/W4395009567,https://openalex.org/W4200020770
https://openalex.org/W4395009567,https://openalex.org/W4213015544
https://openalex.org/W4395009567,https://openalex.org/W4281753835
https://openalex.org/W4313829366,https://openalex.org/W3126680560
https://openalex.org/W4313829366,https://openalex.org/W4224215294
https://openalex.org/W4416252923,https://openalex.org/W3135123986
https://openalex.org/W4416252923,https://openalex.org/W4298126387
https://openalex.org/W4416252923,https://openalex.org/W4412792229
https://openalex.org/W4415884826,https://openalex.org/W3171954900
https://openalex.org/W4415884826,https://openalex.org/W4408845520
https://openalex.org/W4298326802,https://openalex.org/W3157698770
https://openalex.org/W4298326802,https://openalex.org/W3201238815
https://openalex.org/W4298326802,https://openalex.org/W4207059806
https://openalex.org/W4298326802,https://openalex.org/W4210364767
https://openalex.org/W4400408263,https://openalex.org/W2963002078
https://openalex.org/W4400408263,https://openalex.org/W3131624221
https://openalex.org/W4400408263,https://openalex.org/W3174158225
https://openalex.org/W4400408263,https://openalex.org/W3178960719
https://openalex.org/W4400408263,https://openalex.org/W3215881020
https://openalex.org/W4392806692,https://openalex.org/W3178664441
https://openalex.org/W4392806692,https://openalex.org/W3193451618
https://openalex.org/W4392806692,https://openalex.org/W4361224029
https://openalex.org/W4407723919,https://openalex.org/W4211005106
https://openalex.org/W4404378610,https://openalex.org/W3108723356
https://openalex.org/W4404378610,https://openalex.org/W4292379602
https://openalex.org/W4404378610,https://openalex.org/W4292651677
https://openalex.org/W4404378610,https://openalex.org/W4297109637
https://openalex.org/W4404378610,https://openalex.org/W4384931599
https://openalex.org/W4404378610,https://openalex.org/W4385858140
https://openalex.org/W4404378610,https://openalex.org/W4391988510
https://openalex.org/W4323294935,https://openalex.org/W4310805930
https://openalex.org/W4288047534,https://openalex.org/W4210736625
https://openalex.org/W4387865354,https://openalex.org/W4309119167
